id,order,year,month,product code,title,module code,type,system,setting,confidence,edition,authors,cover_url,cover_artist,semester,season
1,,1974,6,2002,Dungeons & Dragons,,boxed set,D&D,,verified,,Gary Gygax & Dave Arneson,https://www.tsrarchive.com/dd/dd2-3vs-box.jpg,Greg Bell,1,
24,,1975,3,2003,Supplement I: Greyhawk,,accessory,D&D,Greyhawk,verified,,Gary Gygax & Rob Kuntz,https://www.tsrarchive.com/dd/dd2-sup1-12th.jpg,Greg Bell,1,
23,,1975,12,2004,Supplement II: Blackmoor,,accessory,D&D,Blackmoor,verified,,Dave Arneson,https://www.tsrarchive.com/dd/dd2-sup2-5th.jpg,LIKELY: David C. Sutherland III,2,
9,,1976,5,2005,Supplement III: Eldritch Wizardry,,accessory,D&D,,verified,,Gary Gygax & Brian Blume,https://www.tsrarchive.com/dd/dd2-sup3-5th.jpg,Deborah Larson,1,
2,,1976,6,9004,Dungeon Geomorphs Set One: Basic Dungeon,,accessory,D&D,,likely,,Gary Gygax,https://www.tsrarchive.com/dd/dd2-geo1-2nd.jpg,N/A,1,
3,,1976,7,2006,"Supplement IV: Gods, Demi-Gods & Heroes",,accessory,D&D,,likely,,Robert Kuntz & James Ward,https://www.tsrarchive.com/dd/dd2-sup4-1st.jpg,NOT FOUND,2,
4,,1976,8,2007,Swords & Spells,,accessory,D&D,,likely,,Gary Gygax,https://www.tsrarchive.com/dd/dd2-sup5-1st.jpg,David C. Sutherland III,2,
5,,1977,7,1001,Dungeons & Dragons Basic Set,,boxed set,D&D,,likely,,Eric Holmes,https://blogger.googleusercontent.com/img/a/AVvXsEgpBbG-hJeBCbkwZIHFzy3HF2FxM8Jwd97gTZwn5BLqLEvnWWOIp3LTR4CxV8aJ9q0UDt0UbkLaOkvAV8Bv85CRz8tMLHDrn2Fj6ff15v8HkaVFFM5F5720LrG-r2PlwkcAplc3vtnnKnXKbRo6dJ8UQyhvFnHM1Cx__sR3Wpm2KsG5zEAo1nW1ljDx=w500-h640,David C. Sutherland III,2,
6,,1977,12,2009,Monster Manual,,hardcover,AD&D,,verified,,Gary Gyax,https://www.tsrarchive.com/add/add-1e-core-mm-1st.jpg,David C. Sutherland III,2,
16,,1977,,9005,Dungeon Geomorphs Set Two: Caves & Caverns,,accessory,D&D,,likely,,Gary & Ernie Gygax,https://www.tsrarchive.com/dd/dd2-geo2-3rd.jpg,N/A,2,9 late Summer
18,,1977,,9006,Dungeon Geomorphs Set Three: Lower Dungeons,,accessory,D&D,,likely,,Gary Gygax,https://www.tsrarchive.com/dd/dd2-geo3-3rd.jpg,N/A,2,10 early Autumn
19,,1977,,9008,Outdoor Geomorphs Set One: Walled City,,accessory,D&D,,likely,,Gary Gygax,https://www.tsrarchive.com/dd/dd2-geoout-2nd.jpg,N/A,2,11 Autumn
7,,1977,,9011,Monster & Treasure Assortment Set One: Levels One-Three,,accessory,D&D,,likely,,,https://www.tsrarchive.com/dd/dd2-mta1-2nd.jpg,N/A,2,11 Autumn
8,,1977,,9014,Character Record Sheets,,accessory,D&D,,likely,1st print,,https://www.tsrarchive.com/dd/dd2-crs-2nd.jpg,N/A,2,11 Autumn
21,,1977,,9012,Monster & Treasure Assortment Set Two: Levels Four-Six,,accessory,D&D,,likely,,,https://www.tsrarchive.com/dd/dd2-mta2-4th.gif,N/A,2,12 late Autumn
10,,1978,6,2010,Players Handbook,,hardcover,AD&D,,verified,,Gary Gyax,https://www.tsrarchive.com/add/add-1e-core-phb-1st_3rd.jpg,David A. Trampier,1,
11,,1978,7,9016,Steading of the Hill Giant Chief,G1,adventure,AD&D,Greyhawk,verified,,Gary Gygax,https://www.tsrarchive.com/add/add-g1-3rd.jpg,David C. Sutherland III,2,
12,,1978,7,9017,The Glacial Rift of the Frost Giant Jarl,G2,adventure,AD&D,Greyhawk,verified,,Gary Gygax,https://www.tsrarchive.com/add/add-g2-2nd.jpg,David C. Sutherland III,2,
13,,1978,7,9018,Hall of the Fire Giant King,G3,adventure,AD&D,Greyhawk,verified,,Gary Gygax,https://www.tsrarchive.com/add/add-g3-3rd.jpg,David C. Sutherland III,2,
14,,1978,8,9019,Descent into the Depths of the Earth,D1,adventure,AD&D,Greyhawk,verified,,Gary Gygax,https://www.tsrarchive.com/add/add-d1-2nd.jpg,David C. Sutherland III,2,
15,,1978,8,9020,The Shrine of the Kuo-Toa,D2,adventure,AD&D,Greyhawk,verified,,Gary Gygax,https://www.tsrarchive.com/add/add-d2-3rd.jpg,David C. Sutherland III,2,
788,,1978,11,9023,In Search of the Unknown,B1,adventure,D&D,,verified,1st print,Mike Carr,https://www.tsrarchive.com/dd/dd2-b1-1st.jpg,David C. Sutherland III,2,
17,,1978,,9021,Vault of the Drow,D3,adventure,AD&D,Greyhawk,verified,,Gary Gygax,https://www.tsrarchive.com/add/add-d3-1st.jpg,David C. Sutherland III,2,9 late Summer
20,,1978,,9022,Tomb of Horrors,S1,adventure,AD&D,Greyhawk,likely,,Gary Gygax,https://www.tsrarchive.com/add/add-s1-1st.jpg,David C. Sutherland III,2,11 Fall
22,,1978,,9015,Monster & Treasure Assortment Set Three: Levels Seven-Nine,,accessory,D&D,,likely,,,https://www.tsrarchive.com/dd/dd2-mta1-3rd.jpg,N/A,1,
25,,1979,8,2011,Dungeon Masters Guide,,hardcover,AD&D,,verified,,Gary Gyax,https://www.tsrarchive.com/add/add-1e-core-dmg-1st.jpg,David C. Sutherland III,2,
26,,1979,11,9026,Village of Hommlet,T1,adventure,AD&D,Greyhawk,likely,,,https://www.tsrarchive.com/add/add-t1-2nd.jpg,David A. Trampier,2,
36,,1979,12,9034,Keep on the Borderlands,B2,adventure,D&D,Mystara,verified,1st print,Gary Gygax,https://www.tsrarchive.com/dd/dd2-b2-1st.jpg,Jim Roslof,2,
27,,1979,,9024,Dungeon Masters Screen,REF1,accessory,AD&D,,likely,,,https://www.tsrarchive.com/add/add-dmscreen-1st.jpg,David A. Trampier,2,9 late Summer
28,,1979,,9030,Non-Player Character Records,,accessory,AD&D,,likely,,,https://www.tsrarchive.com/add/add-npc-1st.jpg,N/A,2,10 early Autumn
29,,1979,,9027,White Plume Mountain,S2,adventure,AD&D,Greyhawk,likely,,Lawrence Schick,https://www.tsrarchive.com/add/add-s2-1st.jpg,Erol Otus,2,11 Autumn
30,,1979,,9028,Player Character Record Sheets,REF2,accessory,AD&D,,likely,,,https://www.tsrarchive.com/add/add-pcrs-2nd.jpg,N/A,2,11 Autumn
31,,1979,,9029,Permanent Character Folder and Adventure Records,,accessory,AD&D,,likely,,,https://www.tsrarchive.com/add/add-perm-1st.jpg,N/A,2,11 Autumn
33,,1979,,1001,Dungeons & Dragons Basic Set,,boxed set,D&D,,not verified,4th print,Eric Holmes,https://www.tsrarchive.com/dd/dd2-box-holmes-4th.jpg,David C. Sutherland III,,
34,,1979,,8001,Hex Pad,,accessory,D&D,,not verified,,,https://www.tsrarchive.com/dd/dd2-hexpad-2nd.jpg,N/A,,
35,,1980,4,2013,Deities & Demigods,,hardcover,AD&D,,likely,1st/3rd print,James M. Ward with Robert J. Kuntz,https://www.tsrarchive.com/add/add-1e-hb-ddg-1st_3rd.jpg,Erol Otus,1,
37,,1980,5,9025,World of Greyhawk,,accessory,AD&D,Greyhawk,likely,,,https://www.tsrarchive.com/gh/gh-box-folio-4th.jpg,David C. Sutherland III,1,
38,,1980,5,9031,The Rogue's Gallery,,accessory,AD&D,,likely,,,https://www.tsrarchive.com/add/add-dmrogue-1st.jpg,LIKELY: Erol Otus,1,
39,,1980,6,9032,The Hidden Shrine of Tomoachan,C1,adventure,AD&D,Greyhawk,likely,,Harold Johnson & Jeff R. Leason,https://www.tsrarchive.com/add/add-c1-1st.jpg,Erol Otus,1,
40,,1980,7,9033,Expedition to the Barrier Peaks,S3,adventure,AD&D,Greyhawk,likely,,Gary Gygax,https://www.tsrarchive.com/add/add-s3-1st.jpg,Erol Otus,2,
41,,1980,8,9035,Queen of the Demonweb Pits,Q1,adventure,AD&D,,likely,,David C. Sutherland with Gary Gygax,https://www.tsrarchive.com/add/add-q1-1st.jpg,Jim Roslof,2,
42,,1980,10,9036,Dungeon Masters Adventure Log,,accessory,AD&D,,likely,,,https://www.tsrarchive.com/add/add-dmlog-5th.jpg,N/A,2,
43,,1980,12,9038,Ghost Tower of Inverness,C2,adventure,AD&D,Greyhawk,likely,,Allen Hammack,https://www.tsrarchive.com/add/add-c2-3rd.jpg,Jim Roslof,2,
44,,1980,12,9039,Slave Pits of the Undercity,A1,adventure,AD&D,Greyhawk,likely,,David Cook,https://www.tsrarchive.com/add/add-a1-1st_2nd.jpg,Jim Roslof,2,
45,,1980,12,9047,Monster & Treasure Assortment Set One-Three,,accessory,D&D,,likely,,,https://www.tsrarchive.com/dd/dd2-mta-1st.jpg,N/A,2,
46,,1980,,8007,Hexagonal Mapping Booklet,,accessory,D&D,,not verified,,,https://www.tsrarchive.com/dd/dd2-hexbook-2nd.jpg,N/A,,
48,,1981,1,1012,Dungeons & Dragons Expert Set,,boxed set,D&D,Mystara,likely,3rd print,Dave Cook,https://www.tsrarchive.com/dd/dd2-box2-mold-3rd.jpg,,1,
49,,1981,1,9043,The Isle of Dread,X1,adventure,D&D,Mystara,likely,1st print,David Cook & Tom Moldvay,https://www.tsrarchive.com/dd/dd2-x1-2nd.jpg,,1,
50,,1981,4,9034,Keep on the Borderlands,B2,adventure,D&D,Mystara,likely,4th print,Gary Gygax,https://www.tsrarchive.com/dd/dd2-b2-4th.jpg,,1,
51,,1981,7,2012,Fiend Folio,,hardcover,AD&D,,likely,,Don Turnbull (editor),https://www.tsrarchive.com/add/add-1e-hb-ff-1st.jpg,,2,
53,,1981,12,9037,Player Character Record Sheets,,accessory,D&D,,likely,4th print,,https://www.tsrarchive.com/dd/dd2-crs.html,,2,
54,,1981,12,9048,Dungeon Geomorphs Set One-Three,,accessory,D&D,,likely,,Gary & Ernie Gygax,https://www.tsrarchive.com/dd/dd2-geos-3rd.jpg,,2,
792,,1981,,9026,Village of Hommlet,T1,adventure,AD&D,Greyhawk,likely,4th print,,https://www.tsrarchive.com/add/add-t1-4th.jpg,,1,
55,,1981,,9023,In Search of the Unknown,B1,adventure,D&D,,likely,4th print,Mike Carr,https://www.tsrarchive.com/dd/dd2-b1-4th.jpg,,2,
56,,1981,,1011,Dungeons & Dragons Set 1: Basic Rules,,boxed set,D&D,,not verified,2nd print,Tom Moldvay,https://www.tsrarchive.com/dd/dd2-box-mold-2nd.jpg,,,
57,,1981,,1012,Dungeons & Dragons Set 2: Expert Rules,,boxed set,D&D,Mystara,not verified,3rd print,Dave Cook,https://www.tsrarchive.com/dd/dd2-box2-mold-3rd.jpg,,,
58,,1981,,9040,Secret of the Slavers Stockade,A2,adventure,AD&D,Greyhawk,not verified,,Harold Johnson & Tom Moldvay,https://www.tsrarchive.com/add/add-a2-1st.jpg,,,
59,,1981,,9041,Assault on the Aerie of the Slave Lords,A3,adventure,AD&D,Greyhawk,not verified,,Allen Hammack,https://www.tsrarchive.com/add/add-a3-1st.jpg,,,
60,,1981,,9042,In the Dungeon of the Slave Lords,A4,adventure,AD&D,Greyhawk,not verified,,Lawrence Schick,https://www.tsrarchive.com/add/add-a4-1st.jpg,,,
61,,1981,,9044,Palace of the Silver Princess,B3,adventure,D&D,Mystara,not verified,1st print,Jean Wells,https://www.tsrarchive.com/dd/dd2-b3-1st.jpg,,,
62,,1981,,9044,Palace of the Silver Princess,B3,adventure,D&D,Mystara,not verified,2nd print,Tom Moldvay & Jean Wells,https://www.tsrarchive.com/dd/dd2-b3-2nd.jpg,,,
63,,1981,,9045,The Secret of Bone Hill,L1,adventure,AD&D,Greyhawk,not verified,,Lenard Lakofka,https://www.tsrarchive.com/add/add-l1-1st.jpg,,,
64,,1981,,9046,Dwellers of the Forbidden City,I1,adventure,AD&D,Greyhawk,not verified,,David Cook,https://www.tsrarchive.com/add/add-i1-1st.jpg,,,
65,,1981,,9051,Castle Amber,X2,adventure,D&D,Mystara,not verified,,Tom Moldvay,https://www.tsrarchive.com/dd/dd2-x2-1st.jpg,,,
66,,1981,,9058,Against the Giants,G1-2-3,adventure,AD&D,Greyhawk,not verified,,Gary Gygax,https://www.tsrarchive.com/add/add-g1-2-3-1st.jpg,,,
67,,1981,,9059,Descent into the Depths of the Earth,D1-2,adventure,AD&D,Greyhawk,not verified,,Gary Gygax,https://www.tsrarchive.com/add/add-d1-2-1st.jpg,,,
68,,1981,,9062,The Sinister Secret of Saltmarsh,U1,adventure,AD&D,Greyhawk,not verified,,Dave J. Browne with Don Turnbull,https://www.tsrarchive.com/add/add-u1-1st.jpg,,,
69,,1982,,2994,Quadrille Graph Paper,,accessory,D&D,,not verified,,,https://www.tsrarchive.com/dd/dd2-graph-quad.jpg,,,
70,,1982,,6060,To the Aid of Falx,R1,adventure,AD&D,Greyhawk,not verified,,Frank Mentzer,https://www.tsrarchive.com/add/add-r1.jpg,,,
71,,1982,,6061,The Investigation of Hydell,R2,adventure,AD&D,Greyhawk,not verified,,Frank Mentzer,https://www.tsrarchive.com/add/add-r2.jpg,,,
72,,1982,,6062,The Egg of the Phoenix,R3,adventure,AD&D,Greyhawk,not verified,,Frank Mentzer,https://www.tsrarchive.com/add/add-r3.jpg,,,
73,,1982,,9049,The Lost City,B4,adventure,D&D,Mystara,not verified,,Tom Moldvay,https://www.tsrarchive.com/dd/dd2-b4-1st.jpg,,,
74,,1982,,9052,Pharaoh,I3,adventure,AD&D,,not verified,,Tracy & Laura Hickman,https://www.tsrarchive.com/add/add-i3.jpg,,,
75,,1982,,9055,Tomb of the Lizard King,I2,adventure,AD&D,Greyhawk,not verified,,Mark Acres,https://www.tsrarchive.com/add/add-i2-1st.jpg,,,
76,,1982,,9056,Curse of Xanathon,X3,adventure,D&D,Mystara,not verified,,Douglas Niles,https://www.tsrarchive.com/dd/dd2-x3-1st.jpg,,,
77,,1982,,9061,Lost Caverns of Tsojcanth,S4,adventure,AD&D,Greyhawk,not verified,,Gary Gygax,https://www.tsrarchive.com/add/add-s4.jpg,,,
78,,1982,,9063,Against the Cult of the Reptile God,N1,adventure,AD&D,Greyhawk,not verified,,Douglas Niles,https://www.tsrarchive.com/add/add-n1.jpg,,,
79,,1982,,9064,Danger at Dunwater,U2,adventure,AD&D,Greyhawk,not verified,,Dave J. Browne with Don Turnbull,https://www.tsrarchive.com/add/add-u2.jpg,,,
80,,1982,,9065,The Forgotten Temple of Tharizdun,WG4,adventure,AD&D,Greyhawk,not verified,,,https://www.tsrarchive.com/gh/gh-wg4.jpg,,,
81,,1983,1,1011,Dungeons & Dragons Basic Set,,boxed set,D&D,,likely,1st print,Frank Mentzer,https://www.tsrarchive.com/dd/dd2-box1-ment-1st.jpg,,1,
82,,1983,1,1012,Dungeons & Dragons Expert Set,,boxed set,D&D,Mystara,likely,1st print,Frank Mentzer,https://www.tsrarchive.com/dd/dd2-box2-ment-1st.jpg,,1,
83,,1983,1,9043,The Isle of Dread,X1,adventure,D&D,Mystara,likely,4th print,David Cook & Tom Moldvay,https://www.tsrarchive.com/dd/dd2-x1-4th.jpg,,1,
84,,1983,10,2016,Monster Manual II,,hardcover,AD&D,,likely,,Gary Gygax,https://www.tsrarchive.com/add/add-1e-hb-mm2-1st.jpg,,2,
85,,1983,10,9075,Ravenloft,I6,adventure,AD&D,Ravenloft,verified,,Tracy & Laura Hickman,https://www.tsrarchive.com/add/add-i6.jpg,,2,
86,,1983,,1015,World of Greyhawk,,boxed set,AD&D,Greyhawk,likely,,,https://www.tsrarchive.com/gh/gh-box-1st.jpg,,2,8 Summer
87,,1983,,6063,Doc's Island,R4,adventure,AD&D,Greyhawk,not verified,,Frank Mentzer,https://www.tsrarchive.com/add/add-r4.jpg,,,
789,,1983,,6064,Rahasia,RPGA1,adventure,D&D,,likely,,,https://www.tsrarchive.com/add/add-rpga1.jpg,,,
790,,1983,,6065,Black Opal Eye,RPGA2,adventure,D&D,,likely,,,https://www.tsrarchive.com/add/add-rpga2.jpg,,,
88,,1983,,6066,The Forgotten King,RPGA3,adventure,AD&D,Mystara,not verified,,Bob Blake,https://www.tsrarchive.com/add/add-rpga3.jpg,,,
89,,1983,,6067,The Elixir of Life,RPGA4,adventure,AD&D,Mystara,not verified,,Bob Blake,https://www.tsrarchive.com/add/add-rpga4.jpg,,,
90,,1983,,6067,Riddle of Dolmen Moor,RPGA5,adventure,AD&D,Mystara,not verified,,,https://www.tsrarchive.com/add/add-rpga5.jpg,,,
91,,1983,,6068,Incants of Ishcabeble,RPGA6,adventure,AD&D,Mystara,not verified,,,https://www.tsrarchive.com/add/add-rpga6.jpg,,,
92,,1983,,6069,Llywelyn's Tomb,RPGA7,adventure,AD&D,Mystara,not verified,,,https://www.tsrarchive.com/add/add-rpga7.jpg,,,
93,,1983,,6069,And the Gods Will Have Their Way,RPGA8,adventure,AD&D,Mystara,not verified,,,https://www.tsrarchive.com/add/add-rpga8.jpg,,,
94,,1983,,9050,The Gem and the Staff,O1,adventure,D&D,Mystara,not verified,,John & Laurie Van De Graaf,https://www.tsrarchive.com/dd/dd2-o1-1st.jpg,,,
95,,1983,,9053,Oasis of the White Palm,I4,adventure,AD&D,,not verified,,Philip Meyers & Tracy Hickman,https://www.tsrarchive.com/add/add-i4.jpg,,,
96,,1983,,9054,Lost Tomb of Martek,I5,adventure,AD&D,,not verified,,Tracy Raye Hickman,https://www.tsrarchive.com/add/add-i5.jpg,,,
97,,1983,,9057,The Assassin's Knot,L2,adventure,AD&D,Greyhawk,not verified,,Len Lokofka,https://www.tsrarchive.com/add/add-l2-1st.jpg,,,
98,,1983,,9060,Maze of the Riddling Minotaur,M2,adventure,D&D,Mystara,not verified,,Jeff Grubb,https://www.tsrarchive.com/dd/dd2-msolo2.jpg,,,
99,,1983,,9066,Beyond the Crystal Cave,UK1,adventure,AD&D,Greyhawk,not verified,,Dave J. Browne & Tom Kirby & Graeme Morris,https://www.tsrarchive.com/add/add-uk1.jpg,,,
100,,1983,,9067,Blizzard Pass,M1,adventure,D&D,Mystara,not verified,,David Cook,https://www.tsrarchive.com/dd/dd2-msolo1.jpg,,,
101,,1983,,9068,Master of the Desert Nomads,X4,adventure,D&D,Mystara,not verified,,David Cook,https://www.tsrarchive.com/dd/dd2-x4.jpg,,,
102,,1983,,9069,Temple of Death,X5,adventure,D&D,Mystara,not verified,,David Cook,https://www.tsrarchive.com/dd/dd2-x5.jpg,,,
103,,1983,,9072,Dungeonland,EX1,adventure,AD&D,Greyhawk,not verified,,E. Gary Gygax,https://www.tsrarchive.com/add/add-ex1.jpg,,,
104,,1983,,9073,The Land Beyond the Magic Mirror,EX2,adventure,AD&D,Greyhawk,not verified,,E. Gary Gygax,https://www.tsrarchive.com/add/add-ex2.jpg,,,
105,,1983,,9076,The Final Enemy,U3,adventure,AD&D,Greyhawk,not verified,,Dave J. Browne with Don Turnbull,https://www.tsrarchive.com/add/add-u3.jpg,,,
106,,1983,,9078,Horror on the Hill,B5,adventure,D&D,Mystara,not verified,,Douglas Niles,https://www.tsrarchive.com/dd/dd2-b5.jpg,,,
107,,1983,,9100,The Shady Dragon Inn,AC1,accessory,D&D,,not verified,,Carl Smith,https://www.tsrarchive.com/dd/dd2-ac1.jpg,,,
108,,1983,,9101,The Sentinel,UK2,adventure,AD&D,Greyhawk,not verified,,Graeme Morris,https://www.tsrarchive.com/add/add-uk2.jpg,,,
109,,1984,3,9130,Dragons of Despair,DL1,adventure,AD&D,Dragonlance,verified,,,https://www.tsrarchive.com/dl/dl-dl1-2nd.jpg,,1,
110,,1984,7,9237,Dragons of Flame,DL2,adventure,AD&D,Dragonlance,verified,,,https://www.tsrarchive.com/dl/dl-dl2.jpg,,2,
111,,1984,9,9132,Dragons of Hope,DL3,adventure,AD&D,Dragonlance,verified,,,https://www.tsrarchive.com/dl/dl-dl3.jpg,,2,
112,,1984,11,9131,Dragons of Desolation,DL4,adventure,AD&D,Dragonlance,verified,,,https://www.tsrarchive.com/dl/dl-dl4.jpg,,2,
113,,1984,12,9135,Dragons of Mystery,DL5,adventure,AD&D,Dragonlance,verified,,,https://www.tsrarchive.com/dl/dl-dl5.jpg,,2,
114,,1984,,1013,Dungeons & Dragons Set 3: Companion Rules,,boxed set,D&D,Mystara,not verified,,Frank Mentzer,https://www.tsrarchive.com/dd/dd2-box3-ment-1st.jpg,,,
115,,1984,,2013,Legends & Lore,,hardcover,AD&D,,not verified,1st/3rd print,James M. Ward with Robert J. Kuntz,https://www.tsrarchive.com/add/add-1e-hb-ddg-1st_3rd.jpg,,,
116,,1984,,9037,Player Character Record Sheets,AC5,accessory,D&D,,not verified,,,https://www.tsrarchive.com/dd/dd2-ac5.jpg,,,
117,,1984,,9079,The War Rafts of Kron,X7,adventure,D&D,Mystara,not verified,,Bruce Nesmith,https://www.tsrarchive.com/dd/dd2-x7.jpg,,,
118,,1984,,9081,Quagmire!,X6,adventure,D&D,Mystara,not verified,,Merle M. Rasmussen,https://www.tsrarchive.com/dd/dd2-x6.jpg,,,
119,,1984,,9082,Lathan's Gold,XSOLO,adventure,D&D,Mystara,not verified,,Merle M. Rasmussen,https://www.tsrarchive.com/dd/dd2-xsolo.jpg,,,
120,,1984,,9084,The Forest Oracle,N2,adventure,AD&D,,not verified,,Carl Smith,https://www.tsrarchive.com/add/add-n2.jpg,,,
121,,1984,,9086,The Veiled Society,B6,adventure,D&D,Mystara,not verified,,David Cook,https://www.tsrarchive.com/dd/dd2-b6.jpg,,,
122,,1984,,9097,Ghost of Lion Castle,BSOLO,adventure,D&D,Mystara,not verified,,Merle M. Rasmussen,https://www.tsrarchive.com/dd/dd2-bsolo.jpg,,,
123,,1984,,9099,Combat Shield & Mini-adventure,AC2,accessory,D&D,Mystara,not verified,,,https://www.tsrarchive.com/dd/dd2-ac2.jpg,,,
124,,1984,,9104,Midnight on Dagger Alley,MV1,adventure,AD&D,,not verified,,Merle M. Rasmussen,https://www.tsrarchive.com/add/add-mv1.jpg,,,
125,,1984,,9106,Journey to the Rock,B8,adventure,D&D,Mystara,not verified,,Michael Malone,https://www.tsrarchive.com/dd/dd2-b8.jpg,,,
126,,1984,,9107,To Find a King,C4,adventure,AD&D,Celtic,not verified,,Bob Blake,https://www.tsrarchive.com/add/add-c4.jpg,,,
127,,1984,,9108,Blade of Vengeance,O2,adventure,D&D,Mystara,not verified,,Jim Bambra,https://www.tsrarchive.com/dd/dd2-o2.jpg,,,
128,,1984,,9110,The Lost Island of Castanamir,C3,adventure,AD&D,,not verified,,Ken Rolston,https://www.tsrarchive.com/add/add-c3-1st.jpg,,,
129,,1984,,9111,The Gauntlet,UK3,adventure,AD&D,Greyhawk,not verified,,Graeme Morris,https://www.tsrarchive.com/add/add-uk3.jpg,,,
130,,1984,,9112,Mordenkainen's Fantastic Adventure,WG5,adventure,AD&D,Greyhawk,not verified,,,https://www.tsrarchive.com/gh/gh-wg5.jpg,,,
131,,1984,,9114,Quest for the Heartstone,XL1,adventure,D&D,Mystara,not verified,,Michael L. Gray,https://www.tsrarchive.com/dd/dd2-xl1.jpg,,,
132,,1984,,9115,Rahasia,B7,adventure,D&D,Mystara,not verified,,Tracy & Laura Hickman,https://www.tsrarchive.com/dd/dd2-b7.jpg,,,
133,,1984,,9116,The Book of Marvelous Magic,AC4,accessory,D&D,,not verified,,Frank Mentzer & Gary Gygax,https://www.tsrarchive.com/dd/dd2-ac4.jpg,,,
134,,1984,,9117,Test of the Warlords,CM1,adventure,D&D,Mystara,not verified,,Douglas Niles,https://www.tsrarchive.com/dd/dd2-cm1.jpg,,,
135,,1984,,9118,Death's Ride,CM2,adventure,D&D,Mystara,not verified,,Garry Spiegle,https://www.tsrarchive.com/dd/dd2-cm2.jpg,,,
136,,1984,,9119,Sabre River,CM3,adventure,D&D,Mystara,not verified,,Douglas Niles & Bruce Nesmith,https://www.tsrarchive.com/dd/dd2-cm3.jpg,,,
137,,1984,,9120,When a Star Falls,UK4,adventure,AD&D,,not verified,,Graeme Morris,https://www.tsrarchive.com/add/add-uk4.jpg,,,
138,,1984,,9121,3-D Dragon Tiles featuring The Kidnapping of Princess Arelina,AC3,accessory,D&D,Mystara,not verified,,Gary Spiegle,https://www.tsrarchive.com/dd/dd2-ac3.jpg,,,
139,,1984,,9123,Conan Unchained!,CB1,adventure,AD&D,Conan,not verified,,David Cook,https://www.tsrarchive.com/add/add-cb1.jpg,,,
140,,1984,,9124,Conan Against Darkness!,CB2,adventure,AD&D,Conan,not verified,,Ken Rolston,https://www.tsrarchive.com/add/add-cb2.jpg,,,
141,,1984,,9125,Eye of the Serpent,UK5,adventure,AD&D,,not verified,,Graeme Morris,https://www.tsrarchive.com/add/add-uk5.jpg,,,
142,,1984,,9126,All that Glitters...,UK6,adventure,AD&D,Greyhawk,not verified,,Jim Bambra,https://www.tsrarchive.com/add/add-uk6.jpg,,,
143,,1984,,9127,Drums on Fire Mountain,X8,adventure,D&D,Mystara,not verified,,Graeme Morris & Tom Kirby,https://www.tsrarchive.com/dd/dd2-x8.jpg,,,
144,,1985,2,9144,Dragons of Glory,DL11,boardgame,AD&D,Dragonlance,verified,,,https://www.tsrarchive.com/dl/dl-dl11.jpg,,1,
145,,1985,3,1019,Battlesystem,,boxed set,AD&D,,likely,,Douglas Niles,https://www.tsrarchive.com/add/add-bs-box.jpg,,1,
146,,1985,5,9140,Dragons of Ice,DL6,adventure,AD&D,Dragonlance,verified,,,https://www.tsrarchive.com/dl/dl-dl6.jpg,,1,
147,,1985,6,1021,Dungeons & Dragons Set 4: Master Rules,,boxed set,D&D,,likely,,Frank Mentzer,https://www.tsrarchive.com/dd/dd2-box4-ment.jpg,,1,
148,,1985,6,2017,Unearthed Arcana,,hardcover,AD&D,,likely,,Gary Gygax,https://www.tsrarchive.com/add/add-1e-hb-ua-1st.jpg,,1,
149,,1985,7,9136,Dragons of Light,DL7,adventure,AD&D,Dragonlance,verified,,,https://www.tsrarchive.com/dl/dl-dl7.jpg,,2,
150,,1985,7,9141,Dragons of War,DL8,adventure,AD&D,Dragonlance,verified,,,https://www.tsrarchive.com/dl/dl-dl8.jpg,,2,
151,,1985,8,9147,The Temple of Elemental Evil,T1-4,adventure,AD&D,Greyhawk,likely,,,https://www.tsrarchive.com/add/add-t1-4-1st_2nd.jpg,,2,
152,,1985,9,9137,Dragons of Deceit,DL9,adventure,AD&D,Dragonlance,verified,,,https://www.tsrarchive.com/dl/dl-dl9.jpg,,2,
153,,1985,10,2018,Oriental Adventures,,hardcover,AD&D,Kara-Tur,likely,,Gary Gygax with David Cook & Francois Marcela-Froideval,https://www.tsrarchive.com/add/add-1e-hb-oa-1st.jpg,,2,
154,,1985,12,9142,Dragons of Dreams,DL10,adventure,AD&D,Dragonlance,verified,,,https://www.tsrarchive.com/dl/dl-dl10.jpg,,2,
155,,1985,,9037,Player Character Record Sheets,AC6,accessory,D&D,,not verified,,,https://www.tsrarchive.com/dd/dd2-ac6.jpg,,,
156,,1985,,9109,The Bane of Llywelyn,C5,adventure,AD&D,Celtic,not verified,,Bob Blake,https://www.tsrarchive.com/add/add-c5.jpg,,,
157,,1985,,9122,Bloodstone Pass,H1,adventure,AD&D,Forgotten Realms,not verified,,Douglas Niles & Michael Dobson,https://www.tsrarchive.com/add/add-h1.jpg,,,
158,,1985,,9128,Earthshaker!,CM4,adventure,D&D,Mystara,not verified,,"David ""Zeb"" Cook",https://www.tsrarchive.com/dd/dd2-cm4.jpg,,,
159,,1985,,9129,The Savage Coast,X9,adventure,D&D,Mystara,not verified,,Merle & Jackie Rasmussen & Anne C. Gray,https://www.tsrarchive.com/dd/dd2-x9.jpg,,,
160,,1985,,9143,Castle Caldwell and Beyond,B9,adventure,D&D,Mystara,not verified,,Harry Nuckols,https://www.tsrarchive.com/dd/dd2-b9.jpg,,,
161,,1985,,9145,3-D Dragon Tiles featuring The Revenge of Rusak,AC8,accessory,D&D,Mystara,not verified,,"David ""Zeb"" Cook",https://www.tsrarchive.com/dd/dd2-ac8.jpg,,,
162,,1985,,9146,DM Screen,REF1,accessory,AD&D,,not verified,,,https://www.tsrarchive.com/add/add-ref1-1e-2nd-a.jpg,,,
163,,1985,,9150,Swords of the Undercity,CA1,adventure,AD&D,Lankhmar,not verified,,,https://www.tsrarchive.com/lm/lm-ca1.jpg,,,
164,,1985,,9151,Dark Clouds Gather,UK7,adventure,AD&D,Greyhawk,not verified,,Jim Bambra & Phil Gallagher,https://www.tsrarchive.com/add/add-uk7.jpg,,,
165,,1985,,9152,Baltron's Beacon,I7,adventure,AD&D,,not verified,,Philip Meyers,https://www.tsrarchive.com/add/add-i7.jpg,,,
166,,1985,,9153,Isle of the Ape,WG6,adventure,AD&D,Greyhawk,not verified,,,https://www.tsrarchive.com/gh/gh-wg6.jpg,,,
167,,1985,,9154,Mystery of the Snow Pearls,CM5,adventure,D&D,Mystara,not verified,,Anne Gray McCready,https://www.tsrarchive.com/dd/dd2-cm5.jpg,,,
168,,1985,,9156,Master Player Screen featuring The Spindle,AC7,accessory,D&D,Mystara,not verified,,,https://www.tsrarchive.com/dd/dd2-ac7.jpg,,,
169,,1985,,9157,Thunderdelve Mountain,XS2,adventure,D&D,Mystara,not verified,,William Carlson,https://www.tsrarchive.com/dd/dd2-xs2.jpg,,,
170,,1985,,9158,Where Chaos Reigns,CM6,adventure,D&D,Mystara,not verified,,Graeme Morris,https://www.tsrarchive.com/dd/dd2-cm6.jpg,,,
171,,1985,,9159,Into the Maelstrom,M1,adventure,D&D,Mystara,not verified,,Bruce & Beatrice Heard,https://www.tsrarchive.com/dd/dd2-m1.jpg,,,
172,,1985,,9160,"Red Arrow, Black Shield",X10,adventure,D&D,Mystara,not verified,,Michael S. Dobson,https://www.tsrarchive.com/dd/dd2-x10.jpg,,,
173,,1985,,9162,Lankhmar: City of Adventure,,accessory,AD&D,Lankhmar,not verified,,,https://www.tsrarchive.com/lm/lm-coa.jpg,,,
174,,1986,4,9133,Dragons of Faith,DL12,adventure,AD&D,Dragonlance,verified,,,https://www.tsrarchive.com/dl/dl-dl12.jpg,,1,
175,,1986,6,1017,Dungeons & Dragons Set 5: Immortal Rules,,boxed set,D&D,,likely,,Frank Mentzer,https://www.tsrarchive.com/dd/dd2-box5-ment.jpg,,1,
176,,1986,6,2019,Dungeoneer's Survival Guide,,hardcover,AD&D,,likely,,Douglas Niles,https://www.tsrarchive.com/add/add-1e-hb-dsg.jpg,,1,
177,,1986,8,9176,Dragons of Truth,DL13,adventure,AD&D,Dragonlance,verified,,,https://www.tsrarchive.com/dl/dl-dl13.jpg,,2,
178,,1986,9,9191,Ravenloft II: The House on Griffon Hill,I10,adventure,AD&D,Ravenloft,verified,,,https://www.tsrarchive.com/add/add-i10.jpg,,2,
179,,1986,10,2020,Wilderness Survival Guide,,hardcover,AD&D,,likely,,,https://www.tsrarchive.com/add/add-1e-hb-ua2.jpg,,2,
180,,1986,12,9180,Dragons of Triumph,DL14,adventure,AD&D,Dragonlance,verified,,,https://www.tsrarchive.com/dl/dl-dl14.jpg,,2,
181,,1986,,9028,Character Record Sheets,REF2,accessory,AD&D,,not verified,,,https://www.tsrarchive.com/add/add-ref2-1e.jpg,,,
182,,1986,,9064,Great Bugbear Hunt,R5,adventure,AD&D,Greyhawk,not verified,,,https://www.tsrarchive.com/add/add-r5.jpg,,,
183,,1986,,9148,Vengeance of Alphaks,M2,adventure,D&D,Mystara,not verified,,Skip Williams,https://www.tsrarchive.com/dd/dd2-m2.jpg,,,
184,,1986,,9149,Night's Dark Terror,B10,adventure,D&D,Mystara,not verified,,"Jim Bambra, Graeme Morris & Phil Gallagher",https://www.tsrarchive.com/dd/dd2-b10.jpg,,,
185,,1986,,9163,Destiny of Kings,N3,adventure,AD&D,,not verified,,Stephen Bourne,https://www.tsrarchive.com/add/add-n3.jpg,,,
186,,1986,,9164,Swords of Daimyo,OA1,adventure,AD&D,Kara-Tur,not verified,,,https://www.tsrarchive.com/oa/oa-oa1.jpg,,,
187,,1986,,9165,Saga of the Shadow Lord,X11,adventure,D&D,Mystara,not verified,,Stephen Bourne,https://www.tsrarchive.com/dd/dd2-x11.jpg,,,
188,,1986,,9166,The Tree of Life,CM7,adventure,D&D,Mystara,not verified,,Bruce A. Heard,https://www.tsrarchive.com/dd/dd2-cm7.jpg,,,
189,,1986,,9167,Scourge of the Slavelords,A1-4,adventure,AD&D,Greyhawk,not verified,,David Cook & Allen Hammack & Harold Johnson & Tom Moldvay,https://www.tsrarchive.com/add/add-a1-4.jpg,,,
190,,1986,,9168,The Mines of Bloodstone,H2,adventure,AD&D,Forgotten Realms,not verified,,Michael Dobson & Douglas Niles,https://www.tsrarchive.com/add/add-h2.jpg,,,
191,,1986,,9169,Ravager of Time,I8,adventure,AD&D,,not verified,,Graeme Morris & Jim Bambra,https://www.tsrarchive.com/add/add-i8.jpg,,,
192,,1986,,9170,Swords of Deceit,CA2,adventure,AD&D,Lankhmar,not verified,,,https://www.tsrarchive.com/lm/lm-ca2.jpg,,,
193,,1986,,9171,Immortal Storm,IM1,adventure,D&D,Mystara,not verified,,Frank Mentzer,https://www.tsrarchive.com/dd/dd2-im1.jpg,,,
194,,1986,,9172,Adventures in Blackmoor,DA1,adventure,D&D,Blackmoor,not verified,,Dave L. Arneson & David J. Ritchie,https://www.tsrarchive.com/dd/dd2-da1.jpg,,,
195,,1986,,9173,Creature Catalogue,AC9,accessory,D&D,Mystara,not verified,,"Jim Bambra, Phil Gallagher, Graeme Morris",https://www.tsrarchive.com/dd/dd2-ac9.jpg,,,
196,,1986,,9174,Twilight Calling,M3,adventure,D&D,Mystara,not verified,,Tom Moldvay,https://www.tsrarchive.com/dd/dd2-m3.jpg,,,
197,,1986,,9175,Temple of the Frog,DA2,adventure,D&D,Blackmoor,not verified,,Dave L. Arneson & David J. Ritchie,https://www.tsrarchive.com/dd/dd2-da2.jpg,,,
198,,1986,,9177,Book of Lairs,REF3,accessory,AD&D,,not verified,,James M. Ward & Mike Breault,https://www.tsrarchive.com/add/add-ref3-1st.jpg,,,
199,,1986,,9178,Day of Al'Akbar,I9,adventure,AD&D,Greyhawk,not verified,,Allen Hammack,https://www.tsrarchive.com/add/add-i9.jpg,,,
200,,1986,,9179,Queen of the Spiders,GDQ1-7,adventure,AD&D,Greyhawk,not verified,,,https://www.tsrarchive.com/add/add-gdq1-7.jpg,,,
201,,1986,,9183,Red Sonya Unconquered,RS1,adventure,AD&D,Conan,not verified,,Anne Gray McCready,https://www.tsrarchive.com/add/add-rs1.jpg,,,
202,,1986,,9185,Treasure Hunt,N4,adventure,AD&D,Forgotten Realms,not verified,,Aaron Allston,https://www.tsrarchive.com/add/add-n4.jpg,,,
203,,1986,,9186,Night of the Seven Swords,OA2,adventure,AD&D,Kara-Tur,not verified,,,https://www.tsrarchive.com/oa/oa-oa2.jpg,,,
238,,1987,1,1032,"Kara Tur, the Eastern Lands",,boxed set,AD&D,Forgotten Realms,likely,,,https://www.tsrarchive.com/fr/fr-box-kara.jpg,,1,
204,,1987,2,9215,The Kingdom of Ierendi,GAZ4,accessory,D&D,Mystara,verified,,Anne Gray McCready,https://www.tsrarchive.com/gz/gz-gaz4.jpg,,1,
205,,1987,4,9193,The Grand Duchy of Karameikos,GAZ1,accessory,D&D,Mystara,verified,,Aaron Allston,https://www.tsrarchive.com/gz/gz-gaz1.jpg,,1,
206,,1987,7,1031,Forgotten Realms Campaign,,boxed set,AD&D,Forgotten Realms,likely,,,https://www.tsrarchive.com/fr/fr-camp1.jpg,,2,
207,,1987,7,2022,Manual of the Planes,,hardcover,AD&D,,likely,,Jeff Grubb,https://www.tsrarchive.com/add/add-1e-hb-motp.jpg,,2,
208,,1987,7,9194,The Emirates of Ylaruam,GAZ2,accessory,D&D,Mystara,verified,,Ken Rolston,https://www.tsrarchive.com/gz/gz-gaz2.jpg,,2,
209,,1987,8,9208,The Principalities of Glantri,GAZ3,accessory,D&D,Mystara,verified,,Bruce Heard,https://www.tsrarchive.com/gz/gz-gaz3.jpg,,2,
210,,1987,10,2021,Dragonlance Adventures,,hardcover,AD&D,Dragonlance,verified,,,https://www.tsrarchive.com/dl/dl-box-hb.jpg,,2,
211,,1987,11,9217,Moonshae,FR2,accessory,AD&D,Forgotten Realms,verified,,,https://www.tsrarchive.com/fr/fr-fr2.jpg,,2,
212,,1987,,2209,Realms of Horror,S1-4,adventure,AD&D,Greyhawk,not verified,,,https://www.tsrarchive.com/add/add-s1-4.jpg,,,
213,,1987,,9187,Needle,I11,adventure,AD&D,,not verified,,Frank Mentzer,https://www.tsrarchive.com/add/add-i11.jpg,,,
214,,1987,,9188,Skarda's Mirror,X12,adventure,D&D,Mystara,not verified,,Aaron Allston,https://www.tsrarchive.com/dd/dd2-x12.jpg,,,
215,,1987,,9189,The Wrath of Olympus,IM2,adventure,D&D,Mystara,not verified,,Robert J. Blake,https://www.tsrarchive.com/dd/dd2-im2.jpg,,,
216,,1987,,9190,In Search of Adventure,B1-9,adventure,D&D,Mystara,not verified,,,https://www.tsrarchive.com/dd/dd2-b1-9.jpg,,,
217,,1987,,9191,City of the Gods,DA3,adventure,D&D,Blackmoor,not verified,,Dave L. Arneson & David J. Ritchie,https://www.tsrarchive.com/dd/dd2-da3.jpg,,,
218,,1987,,9192,The Endless Stair,CM8,adventure,D&D,Mystara,not verified,,Ed Greenwood,https://www.tsrarchive.com/dd/dd2-cm8.jpg,,,
219,,1987,,9195,Ochimo: The Spirit Warrior,OA3,adventure,AD&D,Kara-Tur,not verified,,,https://www.tsrarchive.com/oa/oa-oa3.jpg,,,
220,,1987,,9198,Book of Lairs II,REF4,accessory,AD&D,,not verified,,,https://www.tsrarchive.com/add/add-ref4.jpg,,,
221,,1987,,9199,Desert of Desolation,I3-5,adventure,AD&D,Forgotten Realms,not verified,,T. Hickman & L. Hickman & P. Meyers & P. Rice & J. Wheeler,https://www.tsrarchive.com/add/add-i3-5.jpg,,,
222,,1987,,9200,The Bloodstone Wars,H3,adventure,AD&D,Forgotten Realms,not verified,,Michael Dobson & Douglas Niles,https://www.tsrarchive.com/add/add-h3.jpg,,,
223,,1987,,9201,Egg of the Phoenix,I12,adventure,AD&D,,not verified,,Frank Mentzer & Jennell Jaquays,https://www.tsrarchive.com/add/add-i12.jpg,,,
224,,1987,,9202,Adventure Pack I,I13,adventure,AD&D,,not verified,,,https://www.tsrarchive.com/add/add-i13.jpg,,,
225,,1987,,9203,Blood of the Yakuza,OA4,accessory,AD&D,Kara-Tur,not verified,,,https://www.tsrarchive.com/oa/oa-oa4.jpg,,,
226,,1987,,9204,Five Coins for a Kingdom,M4,adventure,D&D,Mystara,not verified,,Allen Varney,https://www.tsrarchive.com/dd/dd2-m4.jpg,,,
227,,1987,,9205,Duchy of Ten,DA4,adventure,D&D,Blackmoor,not verified,,David J. Ritchie,https://www.tsrarchive.com/dd/dd2-da4.jpg,,,
228,,1987,,9206,Official RPGA Tourney Handbook,C6,adventure,AD&D,,not verified,,,https://www.tsrarchive.com/add/add-c6.jpg,,,
229,,1987,,9207,The Best of Intentions,IM3,adventure,D&D,Mystara,not verified,,Ken Rolston,https://www.tsrarchive.com/dd/dd2-im3.jpg,,,
230,,1987,,9210,Legacy of Blood,CM9,adventure,D&D,Mystara,not verified,,Steve Perrin & Katharine Kerr,https://www.tsrarchive.com/dd/dd2-cm9.jpg,,,
231,,1987,,9211,Bestiary of Dragons and Giants,AC10,accessory,D&D,,not verified,,,https://www.tsrarchive.com/dd/dd2-ac10.jpg,,,
232,,1987,,9212,Under Illefarn,N5,adventure,AD&D,Forgotten Realms,not verified,,Steve Perrin,https://www.tsrarchive.com/add/add-n5.jpg,,,
233,,1987,,9213,Waterdeep and the North,FR1,accessory,AD&D,Forgotten Realms,not verified,,,https://www.tsrarchive.com/fr/fr-fr1-1st.jpg,,,
234,,1987,,9214,Talons of Night,M5,adventure,D&D,Mystara,not verified,,Paul Jaquays,https://www.tsrarchive.com/dd/dd2-m5.jpg,,,
235,,1987,,9218,Crown of Ancient Glory,X13,adventure,D&D,Mystara,not verified,,Stephen Bourne,https://www.tsrarchive.com/dd/dd2-x13.jpg,,,
236,,1987,,9220,The Book of Wondrous Inventions,AC11,accessory,D&D,Mystara,not verified,,Bruce A. Heard,https://www.tsrarchive.com/dd/dd2-ac11.jpg,,,
237,,1987,,9221,The Shattered Statue,DQ1,adventure,AD&D,Forgotten Realms,not verified,,Paul Jaquays,https://www.tsrarchive.com/add/add-dq1.jpg,,,
239,,1988,2,9223,The Elves of Alfheim,GAZ5,accessory,D&D,Mystara,verified,,Steven Perrin,https://www.tsrarchive.com/gz/gz-gaz5.jpg,,1,
240,,1988,4,9227,The Dwarves of Rockhome,GAZ6,accessory,D&D,Mystara,verified,,Aaron Allston,https://www.tsrarchive.com/gz/gz-gaz6.jpg,,1,
241,,1988,5,9229,The Magister,FR4,accessory,AD&D,Forgotten Realms,verified,,,https://www.tsrarchive.com/fr/fr-fr4-1st.jpg,,1,
242,,1988,6,9230,The Northern Reaches,GAZ7,accessory,D&D,Mystara,verified,,Ken Rolston,https://www.tsrarchive.com/gz/gz-gaz7.jpg,,1,
243,,1988,8,9232,The Five Shires,GAZ8,accessory,D&D,Mystara,verified,,Ed Greenwood,https://www.tsrarchive.com/gz/gz-gaz8.jpg,,2,
244,,1988,9,1040,City System,,boxed set,AD&D,Forgotten Realms,likely,,,https://www.tsrarchive.com/fr/fr-box-city-1st.jpg,,2,
245,,1988,9,2023,Greyhawk Adventures,,hardcover,AD&D,Greyhawk,likely,,,https://www.tsrarchive.com/gh/gh-box-hb.jpg,,2,
246,,1988,10,9236,The Minrothad Guilds,GAZ9,accessory,D&D,Mystara,verified,,Deborah Christian & Kim Eastland,https://www.tsrarchive.com/gz/gz-gaz9.jpg,,2,
248,,1988,,9222,Castle Greyhawk,WG7,adventure,AD&D,Greyhawk,not verified,,,https://www.tsrarchive.com/gh/gh-wg7.jpg,,,
249,,1988,,9224,Empires of the Sands,FR3,accessory,AD&D,Forgotten Realms,not verified,,,https://www.tsrarchive.com/fr/fr-fr3.jpg,,,
250,,1988,,9225,Tales of the Outer Planes,OP1,adventure,AD&D,Planescape,not verified,,,https://www.tsrarchive.com/add/add-op1.jpg,,,
251,,1988,,9226,Swords of the Iron Legion,I14,adventure,AD&D,Forgotten Realms,not verified,,,https://www.tsrarchive.com/add/add-i14.jpg,,,
252,,1988,,9228,Throne of Bloodstone,H4,adventure,AD&D,Forgotten Realms,not verified,,Douglas Niles & Michael Dobson,https://www.tsrarchive.com/add/add-h4.jpg,,,
253,,1988,,9231,Mists of Krynn,DL15,adventure,AD&D,Dragonlance,not verified,,,https://www.tsrarchive.com/dl/dl-dl15.jpg,,,
254,,1988,,9233,The Savage Frontier,FR5,accessory,AD&D,Forgotten Realms,not verified,,,https://www.tsrarchive.com/fr/fr-fr5-1st.jpg,,,
255,,1988,,9234,DM's Design Kit,,accessory,AD&D,,not verified,,Harold Johnson & Aaron Allston,https://www.tsrarchive.com/add/add-dmkit.jpg,,,
256,,1988,,9235,Dreams of the Red Wizards,FR6,accessory,AD&D,Forgotten Realms,not verified,,,https://www.tsrarchive.com/fr/fr-fr6-1st.jpg,,,
257,,1988,,9237,World of Krynn,DL16,adventure,AD&D,Dragonlance,not verified,,,https://www.tsrarchive.com/dl/dl-dl16.jpg,,,
258,,1988,,9238,Ruins of Adventure,FRC1,adventure,AD&D,Forgotten Realms,not verified,,,https://www.tsrarchive.com/fr/fr-frc1.jpg,,,
259,,1989,2,2101,Player's Handbook,,hardcover,AD&D,,likely,,,https://www.tsrarchive.com/add/add-2e-core-phb-1st.jpg,,1,
260,,1989,2,9250,The Republic of Darokin,GAZ11,accessory,D&D,Mystara,verified,,Scott Haring,https://www.tsrarchive.com/gz/gz-gaz11.jpg,,1,
261,,1989,5,9246,The Golden Khan of Ethengar,GAZ12,accessory,D&D,Mystara,verified,,Jim Bambra,https://www.tsrarchive.com/gz/gz-gaz12.jpg,,1,
262,,1989,6,2100,Dungeon Master's Guide,,hardcover,AD&D,,likely,,,https://www.tsrarchive.com/add/add-2e-core-dmg-1st.jpg,,1,
263,,1989,6,2102,Monstrous Compendium Volume One,MC1,accessory,AD&D,,likely,,,https://www.tsrarchive.com/add/add-2e-core-mc1.jpg,,1,
264,,1989,7,1037,Dawn of the Emperors: Thyatis and Alphatia,,boxed set,D&D,Mystara,verified,,Aaron Allston,https://www.tsrarchive.com/gz/gz-box.jpg,,2,
265,,1989,8,2103,Monstrous Compendium Volume Two,MC2,accessory,AD&D,,likely,,,https://www.tsrarchive.com/add/add-2e-core-mc2.jpg,,2,
266,,1989,10,1049,Spelljammer: AD&D Adventures in Space,,boxed set,AD&D,Spelljammer,likely,,,https://www.tsrarchive.com/sj/sj-box.jpg,,2,
247,,1989,12,9241,The Orcs of Thar,GAZ10,accessory,D&D,Mystara,likely,,Bruce Heard,https://www.tsrarchive.com/gz/gz-gaz10.jpg,,2,
267,,1989,,1043,The City of Greyhawk,,boxed set,AD&D,Greyhawk,not verified,,,https://www.tsrarchive.com/gh/gh-box-city.jpg,,,
268,,1989,,1050,Time of the Dragon,,boxed set,AD&D,Dragonlance,not verified,,,https://www.tsrarchive.com/dl/dl-box-time.jpg,,,
269,,1989,,2104,Monstrous Compendium Volume Three: Forgotten Realms Appendix,MC3,accessory,AD&D,Forgotten Realms,not verified,,,https://www.tsrarchive.com/add/add-2e-core-mc3-1st.jpg,,,
270,,1989,,2110,The Complete Fighter's Handbook,PHBR1,accessory,AD&D,,not verified,,Aaron Allston,https://www.tsrarchive.com/add/add-phbr1-1st.jpg,,,
271,,1989,,2111,The Complete Thief's Handbook,PHBR2,accessory,AD&D,,not verified,,John Nephew & Carl Sargent & Douglas Niles,https://www.tsrarchive.com/add/add-phbr2-1st.jpg,,,
272,,1989,,9149,Waterdeep,FRE3,adventure,AD&D,Forgotten Realms,not verified,,,https://www.tsrarchive.com/fr/fr-fre3.jpg,,,
273,,1989,,9239,Curse of the Azure Bonds,FRC2,adventure,AD&D,Forgotten Realms,not verified,,,https://www.tsrarchive.com/fr/fr-frc2.jpg,,,
274,,1989,,9240,Lords of Darkness,REF5,accessory,AD&D,Forgotten Realms,not verified,,Ed Greenwood (introduction),https://www.tsrarchive.com/add/add-ref5.jpg,,,
275,,1989,,9242,Mad Monkey vs. the Dragon Claw,OA5,adventure,AD&D,Forgotten Realms,not verified,,,https://www.tsrarchive.com/oa/oa-oa5.jpg,,,
276,,1989,,9243,In Search of Dragons,DLE1,adventure,AD&D,Dragonlance,not verified,,,https://www.tsrarchive.com/dl/dl-dle1.jpg,,,
277,,1989,,9244,Dragon Magic,DLE2,adventure,AD&D,Dragonlance,not verified,,,https://www.tsrarchive.com/dl/dl-dle2.jpg,,,
278,,1989,,9245,Dragon Keep,DLE3,adventure,AD&D,Dragonlance,not verified,,,https://www.tsrarchive.com/dl/dl-dle3.jpg,,,
279,,1989,,9247,Shadowdale,FRE1,adventure,AD&D,Forgotten Realms,not verified,,,https://www.tsrarchive.com/fr/fr-fre1.jpg,,,
280,,1989,,9248,Tantras,FRE2,adventure,AD&D,Forgotten Realms,not verified,,,https://www.tsrarchive.com/fr/fr-fre2.jpg,,,
281,,1989,,9251,Gargoyle,WG9,adventure,AD&D,Greyhawk,not verified,,,https://www.tsrarchive.com/gh/gh-wg9.jpg,,,
282,,1989,,9252,Hall of Heroes,FR7,accessory,AD&D,Forgotten Realms,not verified,,,https://www.tsrarchive.com/fr/fr-fr7-1st.jpg,,,
283,,1989,,9253,Fate of Istus,WG8,adventure,AD&D,Greyhawk,not verified,,,https://www.tsrarchive.com/gh/gh-wg8.jpg,,,
284,,1989,,9254,Tall Tales of the Wee Folk,PC1,accessory,D&D,Mystara,not verified,,John Nephew,https://www.tsrarchive.com/cc/cc-pc1.jpg,,,
285,,1989,,9255,Top Ballista,PC2,accessory,D&D,Mystara,not verified,,Carl Sargent,https://www.tsrarchive.com/cc/cc-pc2.jpg,,,
286,,1989,,9260,King's Festival,B11,adventure,D&D,Mystara,not verified,,Carl Sargent,https://www.tsrarchive.com/dd/dd2-b11.jpg,,,
287,,1989,,9261,Queen's Harvest,B12,adventure,D&D,Mystara,not verified,,Carl Sargent,https://www.tsrarchive.com/dd/dd2-b12.jpg,,,
288,,1989,,9262,Cities of Mystery,FR8,boxed set,AD&D,Forgotten Realms,not verified,,,https://www.tsrarchive.com/fr/fr-fr8.jpg,,,
289,,1989,,9263,Dungeon Master's Screen,REF1,accessory,AD&D,,not verified,,,https://www.tsrarchive.com/add/add-ref1-2e-1st.jpg,,,
290,,1989,,9264,Character Record Sheets,REF2,accessory,AD&D,,not verified,,,https://www.tsrarchive.com/add/add-ref2-2e-1st.jpg,,,
291,,1989,,9265,Child's Play,WG10,adventure,AD&D,Greyhawk,not verified,,,https://www.tsrarchive.com/gh/gh-wg10.jpg,,,
292,,1989,,9267,The Bloodstone Lands,FR9,accessory,AD&D,Forgotten Realms,not verified,,,https://www.tsrarchive.com/fr/fr-fr9.jpg,,,
293,,1989,,9269,Puppets,WG11,adventure,AD&D,Greyhawk,not verified,,,https://www.tsrarchive.com/gh/gh-wg11.jpg,,,
294,,1989,,9283,"Gateway to Ravens Bluff, the Living City",LC1,accessory,AD&D,Forgotten Realms,not verified,,,https://www.tsrarchive.com/fr/fr-lc1.jpg,,,
295,,1989,,9400,World of Krynn Trail Map,TM3,accessory,AD&D,Dragonlance,not verified,,,https://www.tsrarchive.com/add/add-tm3.jpg,,,
296,,1989,,9401,City of Waterdeep Trail Map,TM4,accessory,AD&D,Forgotten Realms,not verified,,,https://www.tsrarchive.com/add/add-tm4.jpg,,,
297,,1989,,9402,Kara-Tur Trail Map,TM5,accessory,AD&D,Forgotten Realms,not verified,,,https://www.tsrarchive.com/add/add-tm5.jpg,,,
298,,1989,,9403,Western Countries Trail Map,TM1,accessory,D&D,Mystara,not verified,,,https://www.tsrarchive.com/add/dd2-tm1.jpg,,,
299,,1989,,9404,Eastern Countries Trail Map,TM2,accessory,D&D,Mystara,not verified,,,https://www.tsrarchive.com/add/dd2-tm2.jpg,,,
300,,1990,1,2108,Legends & Lore,,hardcover,AD&D,,likely,,James M. Ward & Troy Denning,https://www.tsrarchive.com/add/add-hc-lore-1st.jpg,,1,
301,,1990,5,9287,The Shadow Elves,GAZ13,accessory,D&D,Mystara,verified,,Carl Sargent & Gary Thomas,https://www.tsrarchive.com/gz/gz-gaz13.jpg,,1,
302,,1990,6,1053,Ravenloft: Realm of Terror,,boxed set,AD&D,Ravenloft,verified,,,,,1,
303,,1990,8,1054,Hollow World Campaign Set,,boxed set,D&D,Mystara,likely,,Aaron Allston,https://www.tsrarchive.com/hw/hw-box.jpg,,2,
304,,1990,9,9298,Feast of Goblyns,RA1,adventure,AD&D,Ravenloft,verified,,,,,2,
305,,1990,,1055,The Horde Barbarian Campaign Setting,,boxed set,AD&D,Forgotten Realms,not verified,,,,,,
306,,1990,,1056,Castles: A 3-Dimensional Game Accessory,,boxed set,AD&D,,not verified,,"Jeff Grubb & David ""Zeb"" Cook & Bruce Nesmith",https://www.tsrarchive.com/add/add-box-cast.jpg,,,
307,,1990,,2105,Monstrous Compendium Dragonlance Appendix,MC4,accessory,AD&D,Dragonlance,not verified,,,https://www.tsrarchive.com/add/add-2e-core-mc4.jpg,,,
308,,1990,,2106,Forgotten Realms Adventures,,hardcover,AD&D,Forgotten Realms,not verified,,,,,,
309,,1990,,2107,Monstrous Compendium Greyhawk Appendix,MC5,accessory,AD&D,Greyhawk,not verified,,,https://www.tsrarchive.com/add/add-2e-core-mc5.jpg,,,
310,,1990,,2109,Monstrous Compendium Spelljammer Appendix,MC7,accessory,AD&D,Spelljammer,not verified,,,https://www.tsrarchive.com/add/add-2e-core-mc7.jpg,,,
311,,1990,,2112,Campaign Sourcebook and Catacomb Guide,DMGR1,accessory,AD&D,,not verified,,Paul Jaquays & William W. Connors,https://www.tsrarchive.com/add/add-dmgr1.jpg,,,
312,,1990,,2113,The Complete Priest's Handbook,PHBR3,accessory,AD&D,,not verified,,Aaron Allston,https://www.tsrarchive.com/add/add-phbr3-1st.jpg,,,
313,,1990,,2114,The Castle Guide,DMGR2,accessory,AD&D,,not verified,,Grant Boucher & Troy Christensen & Arthur Collins & Nigel Findley,https://www.tsrarchive.com/add/add-dmgr2.jpg,,,
314,,1990,,2115,The Complete Wizard's Handbook,PHBR4,accessory,AD&D,,not verified,,Rick Swan,https://www.tsrarchive.com/add/add-phbr4-1st.jpg,,,
315,,1990,,2116,Monstrous Compendium Kara-Tur Appendix,MC6,accessory,AD&D,Forgotten Realms,not verified,,,https://www.tsrarchive.com/add/add-2e-core-mc6.jpg,,,
316,,1990,,8442,The Forgotten Realms Atlas,,accessory,AD&D,Forgotten Realms,not verified,,,,,,
317,,1990,,9257,Ronin Challenge,OA6,adventure,AD&D,Forgotten Realms,not verified,,,,,,
318,,1990,,9258,Test of the Samurai,OA7,adventure,AD&D,Forgotten Realms,not verified,,,,,,
319,,1990,,9270,Vale of the Mage,WG12,adventure,AD&D,Greyhawk,not verified,,,,,,
320,,1990,,9273,Wildspace,SJA1,adventure,AD&D,Spelljammer,not verified,,,,,,
321,,1990,,9274,Old Empires,FR10,accessory,AD&D,Forgotten Realms,not verified,,,,,,
322,,1990,,9275,Dragon Dawn,DLA1,adventure,AD&D,Dragonlance,not verified,,,,,,
323,,1990,,9276,Thieves of Lankhmar,LNA1,accessory,AD&D,Lankhmar,not verified,,,,,,
324,,1990,,9277,The Sea People,PC3,accessory,D&D,Mystara,not verified,,Jim Bambra,https://www.tsrarchive.com/cc/cc-pc3.jpg,,,
325,,1990,,9278,Otherlands,DLR1,accessory,AD&D,Dragonlance,not verified,,,,,,
326,,1990,,9279,Falcon's Revenge,WGA1,adventure,AD&D,Greyhawk,not verified,,,,,,
327,,1990,,9280,Lost Ships,SJR1,accessory,AD&D,Spelljammer,not verified,,,,,,
328,,1990,,9281,Storm Riders,FRA1,adventure,AD&D,Forgotten Realms,not verified,,,,,,
329,,1990,,9282,"Inside Ravens Bluff, the Living City",LC2,accessory,AD&D,Forgotten Realms,not verified,,,,,,
330,,1990,,9284,Arena of Thyatis,DDA1,adventure,D&D,Mystara,not verified,,John Nephew,https://www.tsrarchive.com/dd/dd2-dda1.jpg,,,
331,,1990,,9285,Dragon Knight,DLA2,adventure,AD&D,Dragonlance,not verified,,,,,,
332,,1990,,9286,Skull & Crossbow,SJA2,adventure,AD&D,Spelljammer,not verified,,,,,,
333,,1990,,9289,Falconmaster,WGA2,adventure,AD&D,Greyhawk,not verified,,,,,,
334,,1990,,9290,Black Courser,FRA2,adventure,AD&D,Forgotten Realms,not verified,,,,,,
335,,1990,,9291,Dragonlance Classics: Volume I,DLC1,adventure,AD&D,Dragonlance,not verified,,,,,,
336,,1990,,9292,Greyhawk Ruins,WGR1,adventure,AD&D,Greyhawk,not verified,,,,,,
337,,1990,,9294,Dragon's Rest,DLA3,adventure,AD&D,Dragonlance,not verified,,,,,,
338,,1990,,9295,Wonders of Lankhmar,LNR1,adventure,AD&D,Lankhmar,not verified,,,,,,
339,,1990,,9296,Legions of Thyatis,DDA2,adventure,D&D,Mystara,not verified,,John Nephew,https://www.tsrarchive.com/dd/dd2-dda2.jpg,,,
340,,1990,,9297,Draconomicon,FOR1,accessory,AD&D,Forgotten Realms,not verified,,,,,,
341,,1990,,9299,Crystal Spheres,SJA3,adventure,AD&D,Spelljammer,not verified,,,,,,
342,,1990,,9300,Dwarves Deep,FR11,accessory,AD&D,Forgotten Realms,not verified,,,,,,
343,,1990,,9301,Halls of the High King,FA1,adventure,AD&D,Forgotten Realms,not verified,,,,,,
344,,1990,,9302,Flames of the Falcon,WGA3,adventure,AD&D,Greyhawk,not verified,,,,,,
345,,1990,,9303,Nightwail,HWA1,adventure,D&D,Mystara,not verified,,Allen Varney,https://www.tsrarchive.com/hw/hw-hwa1.jpg,,,
346,,1990,,9304,Blood Charge,FRA3,adventure,AD&D,Forgotten Realms,not verified,,,,,,
347,,1990,,9305,Nehwon,LNA2,adventure,AD&D,Lankhmar,not verified,,,,,,
348,,1990,,9307,Ninja Wars,FROA1,adventure,AD&D,Forgotten Realms,not verified,,,,,,
349,,1990,,9309,Vecna Lives!,WGA4,adventure,AD&D,Greyhawk,not verified,,,,,,
350,,1990,,9310,Nightrage,HWA2,adventure,D&D,Mystara,not verified,,Allen Varney,https://www.tsrarchive.com/hw/hw-hwa2.jpg,,,
351,,1990,,2019S,Dark & Hidden Ways,,adventure,AD&D,,not verified,,,https://www.tsrarchive.com/add/add-hidden.jpg,,,
352,,1990,,2020S,Wild Things,,adventure,AD&D,,not verified,,,https://www.tsrarchive.com/add/add-wild.jpg,,,
353,,1991,2,2122,Monstrous Compendium Ravenloft Appendix,MC10,accessory,AD&D,Ravenloft,verified,,,https://www.tsrarchive.com/add/add-2e-core-mc10.jpg,,1,
354,,1991,6,1066,Maztica Campaign Set,,boxed set,AD&D,Forgotten Realms,likely,,,,,1,
355,,1991,6,2121,Tome of Magic,,hardcover,AD&D,,likely,,Cook & Findley & Herring & Kubasik & Sargent & Swan,https://www.tsrarchive.com/add/add-hc-tom-2nd.jpg,,1,
356,,1991,8,9306,Atruaghin Clans,GAZ14,accessory,D&D,Mystara,verified,,William W. Connors,https://www.tsrarchive.com/gz/gz-gaz14.jpg,,2,
357,,1991,9,2400,Dark Sun Boxed Set,,boxed set,AD&D,Dark Sun,verified,,,,,2,
358,,1991,11,1071,Rules Cyclopedia,,hardcover,D&D,Mystara,likely,,Aaron Allston,https://www.tsrarchive.com/dd/dd2-chall-rules.jpg,,2,
359,,1991,12,1068,Greyhawk Wars,,boxed set,AD&D,Greyhawk,verified,,,,,2,
360,,1991,,1060,Ruins of Undermountain,,boxed set,AD&D,Forgotten Realms,not verified,,,,,,
361,,1991,,1065,The Legend of Spelljammer,,boxed set,AD&D,Spelljammer,not verified,,,,,,
362,,1991,,1070,The New Easy to Master Dungeons & Dragons Game,,boxed set,D&D,,not verified,,Timothy Brown,https://www.tsrarchive.com/dd/dd2-chall-new.jpg,,,
363,,1991,,2117,The Complete Psionics Handbook,PHBR5,accessory,AD&D,,not verified,,Steve Winter,https://www.tsrarchive.com/add/add-phbr5-1st.jpg,,,
364,,1991,,2118,Monstrous Compendium Outer Planes Appendix,MC8,accessory,AD&D,,not verified,,,https://www.tsrarchive.com/add/add-2e-core-mc8.jpg,,,
365,,1991,,2119,Monstrous Compendium Spelljammer Appendix II,MC9,accessory,AD&D,Spelljammer,not verified,,,https://www.tsrarchive.com/add/add-2e-core-mc9.jpg,,,
366,,1991,,2123,Arms and Equipment Guide,DMGR3,accessory,AD&D,,not verified,,Grant Boucher & Troy Christensen & Jon Pickens & John Terra & Scott Davis,https://www.tsrarchive.com/add/add-dmgr3-1st.jpg,,,
367,,1991,,2124,The Complete Book of Dwarves,PHBR6,accessory,AD&D,,not verified,,Jim Bambra,https://www.tsrarchive.com/add/add-phbr6-1st.jpg,,,
368,,1991,,2125,Monstrous Compendium Forgotten Realms Appendix,MC11,accessory,AD&D,Forgotten Realms,not verified,,,https://www.tsrarchive.com/add/add-2e-core-mc11.jpg,,,
369,,1991,,9271,Eye of Traldar,DDA3,adventure,D&D,Mystara,not verified,,Carl Sargent,https://www.tsrarchive.com/dd/dd2-dda3.jpg,,,
370,,1991,,9272,The Dymrak Dread,DDA4,adventure,D&D,Mystara,not verified,,John Nephew,https://www.tsrarchive.com/dd/dd2-dda4.jpg,,,
371,,1991,,9308,Character Record Sheets,DDREF1,accessory,D&D,,not verified,,,https://www.tsrarchive.com/dd/dd2-ddref1.jpg,,,
372,,1991,,9311,Nightstorm,HWA3,adventure,D&D,Mystara,not verified,,Allen Varney,https://www.tsrarchive.com/hw/hw-hwa3.jpg,,,
373,,1991,,9312,Realmspace,SJR2,accessory,AD&D,Spelljammer,not verified,,,,,,
374,,1991,,9313,Dungeon Master's Screen,SJR3,accessory,AD&D,Spelljammer,not verified,,,,,,
375,,1991,,9314,New Beginnings,DLS1,adventure,AD&D,Dragonlance,not verified,,,,,,
376,,1991,,9315,Port of Ravens Bluff,LC4,accessory,AD&D,Forgotten Realms,not verified,,,,,,
377,,1991,,9316,Nightwatch in the Living City,LC3,accessory,AD&D,Forgotten Realms,not verified,,,,,,
378,,1991,,9317,Five Shall Be One,WGS1,adventure,AD&D,Greyhawk,not verified,,,,,,
379,,1991,,9318,Prince of Lankhmar,LNA3,adventure,AD&D,Lankhmar,not verified,,,,,,
380,,1991,,9319,Tree Lords,DLS2,adventure,AD&D,Dragonlance,not verified,,,,,,
381,,1991,,9320,Anauroch,FR13,accessory,AD&D,Forgotten Realms,not verified,,,,,,
382,,1991,,9321,Ship of Horror,RA2,adventure,AD&D,Ravenloft,not verified,,,,,,
383,,1991,,9322,Vikings Campaign Sourcebook,HR1,accessory,AD&D,,not verified,,"David ""Zeb"" Cook",https://www.tsrarchive.com/add/add-hr1.jpg,,,
384,,1991,,9324,Horde Campaign,FR12,accessory,AD&D,Forgotten Realms,not verified,,,,,,
385,,1991,,9325,Under the Dark Fist,SJA4,adventure,AD&D,Spelljammer,not verified,,,,,,
386,,1991,,9326,Drow of the Underdark,FOR2,accessory,AD&D,Forgotten Realms,not verified,,,,,,
387,,1991,,9327,Oak Lords,DLS3,adventure,AD&D,Dragonlance,not verified,,,,,,
388,,1991,,9328,Practical Planetology,SJR4,accessory,AD&D,Spelljammer,not verified,,,,,,
389,,1991,,9329,Tales of Lankhmar,LNR2,accessory,AD&D,Lankhmar,not verified,,,,,,
390,,1991,,9331,Darklords,RR1,accessory,AD&D,Ravenloft,not verified,,,,,,
391,,1991,,9332,Sons of Azca,HWR1,accessory,D&D,Mystara,not verified,,John Nephew,https://www.tsrarchive.com/hw/hw-hwr1.jpg,,,
392,,1991,,9333,Fires of Zatal,FMA1,adventure,AD&D,Forgotten Realms,not verified,,,,,,
393,,1991,,9334,Wild Elves,DLS4,adventure,AD&D,Dragonlance,not verified,,,,,,
394,,1991,,9336,Book of Crypts,RR2,accessory,AD&D,Ravenloft,not verified,,,,,,
395,,1991,,9337,Howl from the North,WGS2,adventure,AD&D,Greyhawk,not verified,,,,,,
396,,1991,,9338,Touch of Death,RA3,adventure,AD&D,Ravenloft,not verified,,,,,,
397,,1991,,9339,Kingdom of Nythia,HWR2,accessory,D&D,Mystara,not verified,,Blake Mobley & Newton Ewell,https://www.tsrarchive.com/hw/hw-hwr2.jpg,,,
398,,1991,,9340,Endless Armies,FMA2,adventure,AD&D,Forgotten Realms,not verified,,,,,,
399,,1991,,9341,Nightmare Keep,FA2,adventure,AD&D,Forgotten Realms,not verified,,,,,,
400,,1991,,9343,Goblin's Return,SJS1,adventure,AD&D,Spelljammer,not verified,,,,,,
401,,1991,,9345,Van Richten's Guide to Vampires,RR3,accessory,AD&D,Ravenloft,not verified,,,,,,
402,,1992,1,9346,Slave Tribes,DSR1,accessory,AD&D,Dark Sun,verified,,,,,1,
403,,1992,2,2405,Monstrous Compendium Dark Sun Appendix: Terrors of the Desert,MC12,accessory,AD&D,Dark Sun,verified,,,https://www.tsrarchive.com/add/add-2e-core-mc12.jpg,,1,
404,,1992,2,9355,Night of the Walking Dead,RQ1,adventure,AD&D,Ravenloft,verified,,,,,1,
405,,1992,4,9364,Dune Trader,DSR2,accessory,AD&D,Dark Sun,verified,,,,,1,
406,,1992,5,2408,Dragon Kings,,hardcover,AD&D,Dark Sun,verified,,,,,1,
407,,1992,7,1074,Tales of the Lance,,boxed set,AD&D,Dragonlance,likely,,,,,2,
408,,1992,8,1077,Land of Fate,,boxed set,AD&D,Al-Qadim,likely,,,,,2,
409,,1992,9,9377,Veiled Alliance,DSR3,accessory,AD&D,Dark Sun,verified,,,,,2,
410,,1992,10,1064,From the Ashes,,boxed set,AD&D,Greyhawk,likely,,,,,2,
411,,1992,10,1079,Forbidden Lore,,boxed set,AD&D,Ravenloft,verified,,,,,2,
412,,1992,11,9392,Valley of Dust and Fire,DSR4,accessory,AD&D,Dark Sun,verified,,,,,2,
413,,1992,,1072,War Captain's Companion,,boxed set,AD&D,Spelljammer,not verified,,,,,,
414,,1992,,1073,The Dragon's Den,,boxed set,D&D,,not verified,,Ken Rolston,https://www.tsrarchive.com/dd/dd2-chall-ap-dd.jpg,,,
415,,1992,,1076,The Goblin's Lair,,boxed set,D&D,,not verified,,Graeme David,https://www.tsrarchive.com/dd/dd2-chall-ap-gl.jpg,,,
416,,1992,,1081,The Haunted Tower,,boxed set,D&D,,not verified,,Julia Martin,https://www.tsrarchive.com/dd/dd2-chall-ap-ht.jpg,,,
417,,1992,,1082,Wrath of the Immortals,,boxed set,D&D,Mystara,not verified,,Aaron Allston,https://www.tsrarchive.com/dd/dd2-chall-wrath.jpg,,,
418,,1992,,1083,Menzoberranzan,,boxed set,AD&D,Forgotten Realms,not verified,,,,,,
419,,1992,,1100,Dragon Quest Game,,boxed set,D&D,,not verified,,William W. Connors & David Wise,https://www.tsrarchive.com/dd/dd2-chall-dq.jpg,,,
420,,1992,,9259,The Jade Hare,,adventure,D&D,Mystara,not verified,,John Nephew,,,,
421,,1992,,9342,Quest for the Silver Sword,TRS2,adventure,D&D,Thunder Rift,not verified,,William W. Connors,https://www.tsrarchive.com/dd/dd2-entry1.jpg,,,
422,,1992,,9350,Assault on Raven's Ruin,TRS3,adventure,D&D,Thunder Rift,not verified,,Tim Beach,https://www.tsrarchive.com/dd/dd2-entry2.jpg,,,
423,,1992,,9357,Thunder Rift,TRS1,accessory,D&D,Thunder Rift,not verified,,Colin McComb,https://www.tsrarchive.com/dd/dd2-entry3.jpg,,,
424,,1992,,9363,Character & Monster Assortment,TRS0,accessory,D&D,,not verified,,Tim Beach,https://www.tsrarchive.com/dd/dd2-entry5.jpg,,,
791,,1992,,9367,Thunder Rift,TRS1,adventure,D&D,,likely,,,,,,
425,,1992,,9368,Night Howlers,PC4,accessory,D&D,Mystara,not verified,,Ann Dupuis,https://www.tsrarchive.com/cc/cc-pc4.jpg,,,
426,,1992,,9372,Poor Wizard's Almanac & Book of Facts,AC1010,accessory,D&D,Mystara,not verified,,Aaron Allston,https://www.tsrarchive.com/dd/dd2-alm-pwa1.jpg,,,
427,,1992,,9378,The Milenian Scepter,HWQ1,adventure,D&D,Mystara,not verified,,Anthony Herring,https://www.tsrarchive.com/hw/hw-hwq1.jpg,,,
428,,1992,,9384,The Milenian Empire,HWR3,accessory,D&D,Mystara,not verified,,Anthony Herring,https://www.tsrarchive.com/hw/hw-hwr3.jpg,,,
429,,1992,,9387,Sword and Shield,TRS4,adventure,D&D,Thunder Rift,not verified,,John Terra,https://www.tsrarchive.com/dd/dd2-entry4.jpg,,,
430,,1993,2,2416,Dragon's Crown,DSE1,adventure,AD&D,Dark Sun,verified,,,,,1,
431,,1993,5,2413,The Ivory Triangle,,boxed set,AD&D,Dark Sun,verified,,,,,1,
432,,1993,6,2140,Monstrous Manual,,hardcover,AD&D,,likely,,,https://www.tsrarchive.com/add/add-2e-core-mm-1st.jpg,,1,
433,,1993,6,2419,The Complete Gladiator's Handbook,CGR2,accessory,AD&D,Dark Sun,verified,,Walter M. Baas & Colin McComb,https://www.tsrarchive.com/ds/ds-cgr2.jpg,,1,
434,,1993,7,2420,City State of Tyr,DSS1,accessory,AD&D,Dark Sun,verified,,,,,2,
435,,1993,8,9418,House of Strahd,RM4,adventure,AD&D,Ravenloft,verified,,,,,2,
436,,1993,9,1095,Castles Forlorn,,boxed set,AD&D,Ravenloft,verified,,,,,2,
437,,1993,9,2422,"Earth, Air, Fire and Water",DSS2,accessory,AD&D,Dark Sun,verified,,,,,2,
438,,1993,10,2423,Elves of Athas,DSS3,accessory,AD&D,Dark Sun,verified,,,,,2,
439,,1993,,1085,Forgotten Realms Campaign Setting,,boxed set,AD&D,Forgotten Realms,not verified,,,,,,
440,,1993,,1086,Dwarven Kingdoms of Krynn,,boxed set,AD&D,Dragonlance,not verified,,,,,,
441,,1993,,1087,The Astromundi Cluster,,boxed set,AD&D,Spelljammer,not verified,,,,,,
442,,1993,,1089,Dragon Mountain,,boxed set,AD&D,,not verified,,Colin McComb & Paul Lidberg,https://www.tsrarchive.com/add/add-box-dm.jpg,,,
443,,1993,,1091,City of Delights,,boxed set,AD&D,Al-Qadim,not verified,,,,,,
444,,1993,,1094,Champions of Mystara: Heroes of the Princess Ark,,boxed set,D&D,Mystara,not verified,,Ann Dupuis,https://www.tsrarchive.com/dd/dd2-chall-champ.jpg,,,
445,,1993,,2126,Book of Artifacts,,hardcover,AD&D,,not verified,,,,,,
446,,1993,,2132,Monstrous Compendium Ravenloft Appendix II: Children of the Night,MC15,accessory,AD&D,Ravenloft,not verified,,,,,,
447,,1993,,2133,Creative Campaigning,DMGR5,accessory,AD&D,,not verified,,Tony Pryor & Tony Herring & Jonathan Tweet & Norm Ritchie,https://www.tsrarchive.com/add/add-dmgr5.jpg,,,
448,,1993,,2134,The Complete Book of Gnomes and Halflings,PHBR9,accessory,AD&D,,not verified,,Douglas Niles,https://www.tsrarchive.com/add/add-phbr9-1st.jpg,,,
449,,1993,,2135,The Complete Book of Humanoids,PHBR10,accessory,AD&D,,not verified,,Bill Slavicsek,https://www.tsrarchive.com/add/add-phbr10-1st.jpg,,,
450,,1993,,2136,The Complete Ranger's Handbook,PHBR11,accessory,AD&D,,not verified,,Rick Swan,https://www.tsrarchive.com/add/add-phbr11-1st_2nd.jpg,,,
451,,1993,,9295,Lankhmar: City of Adventure (2nd Edition),,accessory,AD&D,Lankhmar,not verified,,,,,,
452,,1993,,9376,The Glory of Rome Campaign Sourcebook,HR5,accessory,AD&D,,not verified,,,,,,
453,,1993,,9379,Volo's Guide to the North,,accessory,AD&D,Forgotten Realms,not verified,,,,,,
454,,1993,,9388,The Shining South,FR16,accessory,AD&D,Forgotten Realms,not verified,,,,,,
455,,1993,,9389,Jungles of Chult,FRM1,adventure,AD&D,Forgotten Realms,not verified,,,,,,
456,,1993,,9390,The Code of the Harpers,FOR4,accessory,AD&D,Forgotten Realms,not verified,,,,,,
457,,1993,,9391,Doom of Daggerdale,FRQ3,adventure,AD&D,Forgotten Realms,not verified,,,,,,
458,,1993,,9393,Dalelands,FRS1,accessory,AD&D,Forgotten Realms,not verified,,,,,,
459,,1993,,9394,Unsung Heroes,DLR3,accessory,AD&D,Dragonlance,not verified,,,,,,
460,,1993,,9395,Player's Guide to the Dragonlance Campaign,PG1,accessory,AD&D,Dragonlance,not verified,,,,,,
461,,1993,,9396,Dragonlance Classics: Volume II,DLC2,adventure,AD&D,Dragonlance,not verified,,,,,,
462,,1993,,9397,New Tales: The Land Reborn,DLT1,adventure,AD&D,Dragonlance,not verified,,,,,,
463,,1993,,9398,The Marklands,WGR4,accessory,AD&D,Greyhawk,not verified,,,,,,
464,,1993,,9399,Iuz the Evil,WGR5,accessory,AD&D,Greyhawk,not verified,,,,,,
465,,1993,,9405,The City of Skulls,WGR6,accessory,AD&D,Greyhawk,not verified,,,,,,
466,,1993,,9406,Border Watch,WGM1,adventure,AD&D,Greyhawk,not verified,,,,,,
467,,1993,,9411,Krynnspace,SJR7,accessory,AD&D,Spelljammer,not verified,,,,,,
468,,1993,,9412,Space Lairs,SJR8,accessory,AD&D,Spelljammer,not verified,,,,,,
469,,1993,,9413,Roots of Evil,RM1,adventure,AD&D,Ravenloft,not verified,,,,,,
470,,1993,,9414,The Created,RM2,adventure,AD&D,Ravenloft,not verified,,,,,,
471,,1993,,9415,Van Richten's Guide to the Lich,RR6,accessory,AD&D,Ravenloft,not verified,,,,,,
472,,1993,,9416,Van Richten's Guide to Werebeasts,RR7,accessory,AD&D,Ravenloft,not verified,,,,,,
473,,1993,,9417,Web of Illusion,RM3,adventure,AD&D,Ravenloft,not verified,,,,,,
474,,1993,,9419,Dark of the Moon,,adventure,AD&D,Ravenloft,not verified,,,,,,
475,,1993,,9421,"Magic Encyclopedia, Volume 2",,accessory,AD&D,,not verified,,"Connie & Dale ""Slade"" Henson",https://www.tsrarchive.com/add/add-me2.jpg,,,
476,,1993,,9423,The Murky Deep,GA1,adventure,AD&D,,not verified,,,,,,
477,,1993,,9424,Swamplight,GA2,adventure,AD&D,,not verified,,Jean Rabe,https://www.tsrarchive.com/add/add-ga2.jpg,,,
478,,1993,,9425,Tales of Enchantment,GA3,adventure,AD&D,,not verified,,,,,,
479,,1993,,9426,Thief's Challenge,HHQ3,adventure,AD&D,,not verified,,,,,,
480,,1993,,9429,Cleric's Challenge,HHQ4,adventure,AD&D,,not verified,,L. Richard Baker III,https://www.tsrarchive.com/add/add-hhq4.jpg,,,
481,,1993,,9432,A Dozen and One Adventures,ALQ3,boxed set,AD&D,Al-Qadim,not verified,,,,,,
482,,1993,,9433,Secrets of the Lamp,ALQ4,boxed set,AD&D,Al-Qadim,not verified,,,,,,
483,,1993,,9434,The Knight of Newts,TRS5,adventure,D&D,Thunder Rift,not verified,,"""Slade"" Henson",https://www.tsrarchive.com/dd/dd2-entry6.jpg,,,
484,,1993,,9435,Rage of the Rakasta,TRS6,adventure,D&D,Thunder Rift,not verified,,William W. Connors,https://www.tsrarchive.com/dd/dd2-entry7.jpg,,,
485,,1993,,9436,In the Phantom's Wake,TRS7,adventure,D&D,Thunder Rift,not verified,,"Dale ""Slade"" Henson",https://www.tsrarchive.com/dd/dd2-entry8.jpg,,,
486,,1993,,9437,Dungeon Master Screen,DMR1,accessory,D&D,Mystara,not verified,,Teeuwynn Woodruff,https://www.tsrarchive.com/dd/dd2-dmr1.jpg,,,
487,,1993,,9438,Creature Catalog,DMR2,accessory,D&D,Mystara,not verified,,John Nephew,https://www.tsrarchive.com/dd/dd2-dmr2.jpg,,,
488,,1993,,9441,Poor Wizard's Almanac II & Book of Facts,AC1011,accessory,D&D,Mystara,not verified,,Ann Dupuis,https://www.tsrarchive.com/dd/dd2-alm-pwa2.jpg,,,
489,,1993,,9466,Player's Guide to the Forgotten Realms,PG2,accessory,AD&D,Forgotten Realms,not verified,,,,,,
490,,1993,,9584,Assassin Mountain,ALQ2,boxed set,AD&D,Al-Qadim,not verified,,,,,,
491,,1994,2,2430,Black Spine,,adventure,AD&D,Dark Sun,verified,,,,,1,
492,,1994,3,2600,Planescape Campaign Setting,,boxed set,AD&D,Planescape,verified,,,,,1,
493,,1994,4,2417,Forest Maker,,adventure,AD&D,Dark Sun,verified,,,,,1,
494,,1994,5,1108,Ravenloft Campaign Setting,,boxed set,AD&D,Ravenloft,verified,,,,,1,
495,,1994,6,2431,The Will and the Way,,accessory,AD&D,Dark Sun,verified,,,,,1,
496,,1994,6,2602,Planescape Monstrous Compendium Appendix,,accessory,AD&D,Planescape,verified,,,,,1,
497,,1994,7,2603,Planes of Chaos,,boxed set,AD&D,Planescape,verified,,,,,2,
498,,1994,8,2432,City by the Silt Sea,,boxed set,AD&D,Dark Sun,verified,,,,,2,
499,,1994,10,1103,Masque of the Red Death and Other Tales,,boxed set,AD&D,Ravenloft,verified,,,,,2,
500,,1994,,1104,The Ruins of Undermountain II: The Deep Levels,,boxed set,AD&D,Forgotten Realms,not verified,,,,,,
501,,1994,,1106,Classic Dungeons & Dragons Game,,boxed set,D&D,Mystara,not verified,1st print,"Troy Denning, Timothy B. Brown, Doug Stewart",https://www.tsrarchive.com/dd/dd2-chall-class-1st.jpg,,,
502,,1994,,1106,Classic Dungeons & Dragons Game,,boxed set,D&D,Mystara,not verified,2nd print,"Troy Denning, Timothy B. Brown, Doug Stewart",https://www.tsrarchive.com/dd/dd2-chall-class-2nd.jpg,,,
503,,1994,,1107,Council of Wyrms,,boxed set,AD&D,,not verified,,Bill Slavicsek,https://www.tsrarchive.com/add/add-box-wyrm.jpg,,,
504,,1994,,2139,Ravenloft Monstrous Compendium Appendix III: Creatures of Darkness,,accessory,AD&D,Ravenloft,not verified,,,,,,
505,,1994,,2141,"Encyclopedia Magica, Volume I",,accessory,AD&D,,not verified,,,https://www.tsrarchive.com/add/add-em1-2nd.jpg,,,
506,,1994,,2144,The Complete Book of Villains,DMGR6,accessory,AD&D,,not verified,,Kirk Botula,https://www.tsrarchive.com/add/add-dmgr6.jpg,,,
507,,1994,,2145,Monstrous Compendium Annual Volume One,,accessory,AD&D,,not verified,,,https://www.tsrarchive.com/add/add-mcann1-1st.jpg,,,
508,,1994,,2147,The Complete Paladin's Handbook,PHBR12,accessory,AD&D,,not verified,,Rick Swan,https://www.tsrarchive.com/add/add-phbr12-1st.jpg,,,
509,,1994,,2150,The Complete Druid's Handbook,PHBR13,accessory,AD&D,,not verified,,David L. Pulver,https://www.tsrarchive.com/add/add-phbr13-1st.jpg,,,
510,,1994,,2500,Karameikos: Kingdom of Adventure,,boxed set,AD&D,Mystara (2E),not verified,,,,,,
511,,1994,,2501,Mystara Monstrous Compendium Appendix,,accessory,AD&D,Mystara (2E),not verified,,John Nephew & John Terra & Skip Williams & Teeuwynn Woodruff,https://www.tsrarchive.com/add/add-mc-mystara.jpg,,,
512,,1994,,2502,Poor Wizard's Almanac III & Book of Facts,,accessory,AD&D,Mystara (2E),not verified,,,,,,
513,,1994,,2506,Dungeon Master's Survival Kit,,accessory,AD&D,Mystara (2E),not verified,,Ann Dupuis,https://www.tsrarchive.com/dd/dd2-alm-pwa3.jpg,,,
514,,1994,,2601,The Eternal Boundary,,adventure,AD&D,Planescape,not verified,,,,,,
515,,1994,,2604,In the Abyss,,adventure,AD&D,Planescape,not verified,,,,,,
516,,1994,,2609,Well of Worlds,,adventure,AD&D,Planescape,not verified,,,,,,
517,,1994,,2610,The Deva Spark,,adventure,AD&D,Planescape,not verified,,,,,,
518,,1994,,9408,Age of Heroes Campaign Sourcebook,HR6,accessory,AD&D,,not verified,,Nicky Rea,https://www.tsrarchive.com/add/add-hr6.jpg,,,
519,,1994,,9410,Cormyr,,accessory,AD&D,Forgotten Realms,not verified,,,,,,
520,,1994,,9427,"Temple, Tower & Tomb",,adventure,AD&D,,not verified,,,,,,
521,,1994,,9428,Fighter's Challenge II,,adventure,AD&D,,not verified,,,,,,
522,,1994,,9430,Elves of Evermeet,FOR5,accessory,AD&D,Forgotten Realms,not verified,,,,,,
523,,1994,,9433,The Complete Sha'ir's Handbook,,accessory,AD&D,Al-Qadim,not verified,,,,,,
524,,1994,,9440,Ruined Kingdoms,,boxed set,AD&D,Al-Qadim,not verified,,,,,,
525,,1994,,9448,Treasure Chest,,accessory,AD&D,,not verified,,Laura Craig & Steve Winter,https://www.tsrarchive.com/add/add-adv-ttt.jpg,,,
526,,1994,,9449,Corsairs of the Great Sea,,boxed set,AD&D,Al-Qadim,not verified,,,,,,
527,,1994,,9450,Marco Volo: Journey,,accessory,AD&D,Forgotten Realms,not verified,,,,,,
528,,1994,,9451,Van Richten's Guide to the Created,RR8,accessory,AD&D,Ravenloft,not verified,,,,,,
529,,1994,,9452,Van Richten's Guide to the Ancient Dead,RR9,accessory,AD&D,Ravenloft,not verified,,,,,,
530,,1994,,9453,Dragonlance Classics: Volume III,DLC3,adventure,AD&D,Dragonlance,not verified,,,,,,
531,,1994,,9454,Marco Volo: Arrival,,adventure,AD&D,Forgotten Realms,not verified,,,,,,
532,,1994,,9455,Marco Volo: Departure,,adventure,AD&D,Forgotten Realms,not verified,,,,,,
533,,1994,,9456,Adam's Wrath,,adventure,AD&D,Ravenloft,not verified,,,,,,
534,,1994,,9457,Hour of the Knife,,adventure,AD&D,Ravenloft,not verified,,"David ""Zeb"" Cook",https://www.tsrarchive.com/add/add-screen-fighter.jpg,,,
535,,1994,,9458,The Awakening,,adventure,AD&D,Ravenloft,not verified,,,,,,
536,,1994,,9459,Caravans,,boxed set,AD&D,Al-Qadim,not verified,,,,,,
537,,1994,,9460,Volo's Guide to the Sword Coast,,accessory,AD&D,Forgotten Realms,not verified,,,,,,
538,,1994,,9461,Rogues in Lankhmar,,adventure,AD&D,Lankhmar,not verified,,,,,,
539,,1994,,9462,Book of Lairs (Dragonlance),,accessory,AD&D,Dragonlance,not verified,,"David ""Zeb"" Cook",https://www.tsrarchive.com/add/add-screen-priest.jpg,,,
540,,1994,,9463,Howls in the Night,,adventure,AD&D,Ravenloft,not verified,,Skip Williams,https://www.tsrarchive.com/add/add-screen-thief.jpg,,,
541,,1994,,9464,City Sites,,accessory,AD&D,,not verified,,Skip Williams,https://www.tsrarchive.com/add/add-site-city.jpg,,,
542,,1994,,9465,Book of Lairs (Forgotten Realms),,accessory,AD&D,Forgotten Realms,not verified,,,,,,
543,,1994,,9467,Cities of Bone,,boxed set,AD&D,Al-Qadim,not verified,,,,,,
544,,1994,,9468,Elminster's Ecologies,,boxed set,AD&D,Forgotten Realms,not verified,,Julia Martin,https://www.tsrarchive.com/add/add-screen-wizard.jpg,,,
545,,1994,,9469,The Crusades Campaign Sourcebook,HR7,accessory,AD&D,,not verified,,Steve Kurtz,https://www.tsrarchive.com/add/add-hr7.jpg,,,
546,,1994,,9474,Wizard's Challenge II,,adventure,AD&D,,not verified,,,,,,
547,,1994,,9516,City of Splendors,,boxed set,AD&D,Forgotten Realms,not verified,,,,,,
548,,1995,1,2607,Planes of Law,,boxed set,AD&D,Planescape,verified,,,,,1,
549,,1995,2,2152,"Encyclopedia Magica, Volume II",,accessory,AD&D,,verified,,,https://www.tsrarchive.com/add/add-em2-1st.jpg,,1,
550,,1995,3,2433,Dark Sun Monstrous Compendium Appendix II: Terrors Beyond Tyr,,accessory,AD&D,Dark Sun,verified,,Jim Atkiss & Steve Brown & Timothy B. Brown & Andrew P. Morris & Bruce,https://www.tsrarchive.com/ds/ds-mc.jpg,,1,
551,,1995,3,2437,Thri-Kreen of Athas,,accessory,AD&D,Dark Sun,verified,,,,,1,
552,,1995,4,2159,Player's Handbook (Revised),,hardcover,AD&D,,likely,,,https://www.tsrarchive.com/add/add-2e-core-phb-rev-1st.jpg,,1,
553,,1995,4,2160,Dungeon Master Guide (Revised),,hardcover,AD&D,,likely,,,https://www.tsrarchive.com/add/add-2e-core-dmg-rev-1st.jpg,,1,
554,,1995,5,2153,"Encyclopedia Magica, Volume III",,accessory,AD&D,,verified,,Kirk Botulla & Shane Hensley & Nicky Rea & Teeuwynn Woodruff,https://www.tsrarchive.com/rv/rv-mc3.jpg,,1,
555,,1995,5,2608,In the Cage: A Guide to Sigil,,accessory,AD&D,Planescape,verified,,,,,1,
556,,1995,6,2439,Beyond the Prism Pentad,,accessory,AD&D,Dark Sun,verified,,,,,1,
557,,1995,6,2611,The Factol's Manifesto,,accessory,AD&D,Planescape,verified,,,,,1,
558,,1995,7,2149,Player's Option: Combat & Tactics,,hardcover,AD&D,,verified,,L. Richard Baker III & Skip Williams,https://www.tsrarchive.com/add/add-opt-ct-2nd.jpg,,2,
559,,1995,7,2154,Player's Option: Skills & Powers,,hardcover,AD&D,,likely,,Douglas Niles & Dale A. Donovan,https://www.tsrarchive.com/add/add-opt-sp-2nd.jpg,,2,
560,,1995,7,3100,Birthright Campaign Setting,,boxed set,AD&D,Birthright,verified,,,,,2,
561,,1995,8,2156,Dungeon Master Option: High-Level Campaigns,,hardcover,AD&D,,likely,,Skip Williams,https://www.tsrarchive.com/add/add-opt-hlc.jpg,,2,
562,,1995,9,2613,Planescape Monstrous Compendium Appendix II,,accessory,AD&D,Planescape,verified,,,,,2,
563,,1995,10,1124,The Nightmare Lands,,boxed set,AD&D,Ravenloft,verified,,,,,2,
564,,1995,10,2438,Dark Sun Campaign Setting Expanded and Revised,,boxed set,AD&D,Dark Sun,verified,,,,,2,
565,,1995,11,1125,Night Below: An Underdark Campaign,,boxed set,AD&D,,likely,,Carl Sargent,https://www.tsrarchive.com/add/add-box-below.jpg,,2,
566,,1995,11,2161,"Encyclopedia Magica, Volume IV",,accessory,AD&D,,verified,,,https://www.tsrarchive.com/add/add-em4-2nd.jpg,,2,
567,,1995,11,2615,Planes of Conflict,,boxed set,AD&D,Planescape,verified,,,,,2,
568,,1995,12,2442,Windriders of the Jagged Cliffs,,accessory,AD&D,Dark Sun,verified,,,,,2,
569,,1995,,1105,Introduction to Advanced Dungeons & Dragons Game,,boxed set,AD&D,,not verified,,"L. Richard Baker III & David ""Zeb"" Cook & Kevin Melka & Bruce Nesmith",https://www.tsrarchive.com/add/add-box-fq.jpg,,,
570,,1995,,1120,Ruins of Zhentil Keep,,boxed set,AD&D,Forgotten Realms,not verified,,,,,,
571,,1995,,1121,Spellbound,,boxed set,AD&D,Forgotten Realms,not verified,,,,,,
572,,1995,,2148,The Complete Barbarian's Handbook,PHBR14,accessory,AD&D,,not verified,,Rick Swan,https://www.tsrarchive.com/add/add-phbr14-2nd.jpg,,,
573,,1995,,2151,The Complete Book of Necromancers,DMGR7,accessory,AD&D,,not verified,,Steve Kurtz,https://www.tsrarchive.com/add/add-dmgr7.jpg,,,
574,,1995,,2155,The Complete Ninja's Handbook,PHBR15,accessory,AD&D,,not verified,,Aaron Allston,https://www.tsrarchive.com/add/add-phbr15-1st.jpg,,,
575,,1995,,2158,Monstrous Compendium Annual Volume Two,,accessory,AD&D,,not verified,,,https://www.tsrarchive.com/add/add-mcann2.jpg,,,
576,,1995,,2505,Glantri: Kingdom of Magic,,boxed set,AD&D,Mystara (2E),not verified,,,,,,
577,,1995,,2507,Joshuan's Almanac & Book of Facts,,accessory,AD&D,Mystara (2E),not verified,,,,,,
578,,1995,,2508,Player's Survival Kit,,accessory,AD&D,Mystara (2E),not verified,,,,,,
579,,1995,,2517,Joshuan's Almanac & Book of Facts,,accessory,AD&D,Mystara,not verified,,Ann Dupuis & Elizabeth Tornabene,https://www.tsrarchive.com/dd/dd2-alm-josh.jpg,,,
580,,1995,,2612,Fires of Dis,,adventure,AD&D,Planescape,not verified,,,,,,
581,,1995,,2614,Harbinger House,,adventure,AD&D,Planescape,not verified,,,,,,
582,,1995,,3101,Cities of the Sun,,boxed set,AD&D,Birthright,not verified,,,,,,
583,,1995,,3102,Blood Enemies: Abominations of Cerilia,,accessory,AD&D,Birthright,not verified,,,,,,
584,,1995,,3103,Player's Secrets of Ariya,,accessory,AD&D,Birthright,not verified,,,,,,
585,,1995,,3104,Player's Secrets of Endier,,accessory,AD&D,Birthright,not verified,,,,,,
586,,1995,,3105,Player's Secrets of Ilien,,accessory,AD&D,Birthright,not verified,,,,,,
587,,1995,,3106,Player's Secrets of Medoere,,accessory,AD&D,Birthright,not verified,,,,,,
588,,1995,,3107,Player's Secrets of Roesone,,accessory,AD&D,Birthright,not verified,,,,,,
589,,1995,,3108,Player's Secrets of Talinie,,accessory,AD&D,Birthright,not verified,,,,,,
590,,1995,,3109,Player's Secrets of Tuornen,,accessory,AD&D,Birthright,not verified,,,,,,
591,,1995,,3117,Sword and Crown,,adventure,AD&D,Birthright,not verified,,,,,,
592,,1995,,3118,Warlock of the Stonecrowns,,adventure,AD&D,Birthright,not verified,,,,,,
593,,1995,,8347,History of Dragonlance,,accessory,AD&D,Dragonlance,not verified,,,,,,
594,,1995,,9471,The Dancing Hut of Baba Yaga,,adventure,AD&D,,not verified,,,,,,
595,,1995,,9474,The Moonsea,,accessory,AD&D,Forgotten Realms,not verified,,,,,,
596,,1995,,9475,The Seven Sisters,FOR6,accessory,AD&D,Forgotten Realms,not verified,,,,,,
597,,1995,,9476,Van Richten's Guide to the Vistani,RR11,accessory,AD&D,Ravenloft,not verified,,,,,,
598,,1995,,9477,Van Richten's Guide to Fiends,RR10,accessory,AD&D,Ravenloft,not verified,,,,,,
599,,1995,,9481,Avengers in Lankhmar,,adventure,AD&D,Lankhmar,not verified,,,,,,
600,,1995,,9482,Castle Sites,,accessory,AD&D,,not verified,,Robin Jenkins,https://www.tsrarchive.com/add/add-site-country.jpg,,,
601,,1995,,9483,Country Sites,,accessory,AD&D,,not verified,,,,,,
602,,1995,,9484,Cleric's Challenge II,,adventure,AD&D,,not verified,,,,,,
603,,1995,,9485,Thief's Challenge II: Beacon Point,,adventure,AD&D,,not verified,,,,,,
604,,1995,,9486,Volo's Guide to Cormyr,,accessory,AD&D,Forgotten Realms,not verified,,,,,,
605,,1995,,9487,Giantcraft,FOR7,accessory,AD&D,Forgotten Realms,not verified,,,,,,
606,,1995,,9488,The Return of Randal Morn,,adventure,AD&D,Forgotten Realms,not verified,,,,,,
607,,1995,,9489,Neither Man Nor Beast,,adventure,AD&D,Ravenloft,not verified,,,,,,
608,,1995,,9490,Elminster's Ecologies Appendix I,,accessory,AD&D,Forgotten Realms,not verified,,,,,,
609,,1995,,9491,Pages from the Mages,,accessory,AD&D,Forgotten Realms,not verified,,,,,,
610,,1995,,9492,Wizards and Rogues of the Realms,,accessory,AD&D,Forgotten Realms,not verified,,,,,,
611,,1995,,9492,The Sword of the Dales,,adventure,AD&D,Forgotten Realms,not verified,,,,,,
612,,1995,,9493,Circle of Darkness,,adventure,AD&D,Ravenloft,not verified,,,,,,
613,,1995,,9494,The Evil Eye,,adventure,AD&D,Ravenloft,not verified,,,,,,
614,,1995,,9495,Chilling Tales,,adventure,AD&D,Ravenloft,not verified,,,,,,
615,,1995,,9496,Cutthroats of Lankhmar,,adventure,AD&D,Lankhmar,not verified,,,,,,
616,,1995,,9497,Elminster's Ecologies Appendix II,,adventure,AD&D,Forgotten Realms,not verified,,,,,,
617,,1995,,9498,The Gothic Earth Gazetteer,,accessory,AD&D,Ravenloft,not verified,,,,,,
618,,1995,,9499,When Black Roses Bloom,,adventure,AD&D,Ravenloft,not verified,,,,,,
619,,1995,,9502,The Secret of Spiderhaunt,,adventure,AD&D,Forgotten Realms,not verified,,,,,,
620,,1995,,9503,Labyrinth of Madness,,adventure,AD&D,,not verified,,,,,,
621,,1995,,9504,Dungeon Master Screen & Master Index,,accessory,AD&D,,not verified,,Jim Butler,https://www.tsrarchive.com/add/add-acc-ind.jpg,,,
622,,1995,,9506,Chronomancer,,accessory,AD&D,,not verified,,Loren Coleman,https://www.tsrarchive.com/add/add-acc-chrono.jpg,,,
623,,1995,,9507,Shaman,,accessory,AD&D,,not verified,,Kevin Hassall & Steve Miller,https://www.tsrarchive.com/add/add-acc-shaman.jpg,,,
624,,1996,1,2441,The Wanderer's Chronicle: Mind Lords of the Last Sea,,boxed set,AD&D,Dark Sun,verified,,,,,1,
625,,1996,3,1141,Bleak House: The Death of Rudolph van Richten,,boxed set,AD&D,Ravenloft,verified,,,,,1,
626,,1996,3,2624,Uncaged: Faces of Sigil,,accessory,AD&D,Planescape,verified,,,,,1,
627,,1996,6,2163,Player's Option: Spells & Magic,,hardcover,AD&D,,likely,,Richard Baker,https://www.tsrarchive.com/add/add-opt-sm.jpg,,1,
628,,1996,6,2621,Hellbound: The Blood War,,boxed set,AD&D,Planescape,verified,,,,,1,
629,,1996,8,1146,The Rod of Seven Parts,,boxed set,AD&D,,likely,,,,,2,
630,,1996,8,2620,The Planewalker's Handbook,,accessory,AD&D,Planescape,verified,,,,,2,
631,,1996,9,1142,Requiem: The Grim Harvest,,boxed set,AD&D,Ravenloft,verified,,,,,2,
632,,1996,9,2445,Psionic Artifacts of Athas,,accessory,AD&D,Dark Sun,verified,,,,,2,
633,,1996,9,2446,Defilers and Preservers: The Wizards of Athas,,accessory,AD&D,Dark Sun,verified,,,,,2,
634,,1996,9,2623,On Hallowed Ground,,accessory,AD&D,Planescape,verified,,,,,2,
635,,1996,10,2625,A Guide to the Astral Plane,,accessory,AD&D,Planescape,verified,,,,,2,
636,,1996,,1115,Complete Starter Set,,boxed set,AD&D,,not verified,,,,,,
637,,1996,,1142,The North: Guide to the Savage Frontier,,boxed set,AD&D,Forgotten Realms,not verified,,,,,,
638,,1996,,1145,Netheril: Empire of Magic,,boxed set,AD&D,Forgotten Realms,not verified,,Skip Williams,https://www.tsrarchive.com/add/add-tome-rod.jpg,,,
639,,1996,,2157,Sages and Specialists,DMGR8,accessory,AD&D,,not verified,,,https://www.tsrarchive.com/add/add-em3-1st.jpg,,,
640,,1996,,2162,Ravenloft MC Appendices I & II,,accessory,AD&D,Ravenloft,not verified,,William W. Connors,https://www.tsrarchive.com/rv/rv-mc1-2.jpg,,,
641,,1996,,2164,"Wizard's Spell Compendium, Volume One",,accessory,AD&D,,not verified,,,,,,
642,,1996,,2166,Monstrous Compendium Annual Volume Three,,accessory,AD&D,,not verified,,,https://www.tsrarchive.com/add/add-mcann3.jpg,,,
643,,1996,,2617,Doors to the Unknown,,adventure,AD&D,Planescape,not verified,,,,,,
644,,1996,,2619,Something Wild,,adventure,AD&D,Planescape,not verified,,,,,,
645,,1996,,3110,Player's Secrets of Baruk-Azhik,,accessory,AD&D,Birthright,not verified,,,,,,
646,,1996,,3111,Player's Secrets of Binsada,,accessory,AD&D,Birthright,not verified,,,,,,
647,,1996,,3112,Player's Secrets of Halskapa,,accessory,AD&D,Birthright,not verified,,,,,,
648,,1996,,3113,Player's Secrets of Khourane,,accessory,AD&D,Birthright,not verified,,,,,,
649,,1996,,3114,Player's Secrets of Stjordvik,,accessory,AD&D,Birthright,not verified,,,,,,
650,,1996,,3117,The Book of Magecraft,,accessory,AD&D,Birthright,not verified,,,,,,
651,,1996,,3119,A Hero's Tale,,adventure,AD&D,Birthright,not verified,,,,,,
652,,1996,,3124,Player's Secrets of Tuarhievel,,accessory,AD&D,Birthright,not verified,,,,,,
653,,1996,,3125,The Silver Key,,adventure,AD&D,Birthright,not verified,,,,,,
654,,1996,,3126,Legends of the Hero-Kings,,adventure,AD&D,Birthright,not verified,,,,,,
655,,1996,,3127,The Sword of Roele,,adventure,AD&D,Birthright,not verified,,,,,,
656,,1996,,3129,Havens of the Great Bay,,boxed set,AD&D,Birthright,not verified,,,,,,
657,,1996,,3134,Naval Battle System: The Seas of Cerilia,,boxed set,AD&D,Birthright,not verified,,,,,,
658,,1996,,3140,The Rjurik Highlands,,boxed set,AD&D,Birthright,not verified,,,,,,
659,,1996,,9295,Fritz Leiber's Lankhmar,,boxed set,AD&D,Lankhmar,not verified,,,,,,
660,,1996,,9508,Player's Guide to the Living City Campaign,LC5,accessory,AD&D,Forgotten Realms,not verified,,Ted James Thomas Zuvich,https://www.tsrarchive.com/add/add-adv-silver.jpg,,,
661,,1996,,9509,Warriors and Priests of the Realms,,accessory,AD&D,Forgotten Realms,not verified,,,,,,
662,,1996,,9510,Undermountain: Maddgoth's Castle,,adventure,AD&D,Forgotten Realms,not verified,,,,,,
663,,1996,,9511,Undermountain: The Lost Level,,adventure,AD&D,Forgotten Realms,not verified,,Kirk Botula,https://www.tsrarchive.com/add/add-jakwar.jpg,,,
664,,1996,,9512,Undermountain: Stardock,,adventure,AD&D,Forgotten Realms,not verified,,Kirk Botula & Dale Donovan & Kim Mohan,https://www.tsrarchive.com/add/add-jakdes.jpg,,,
665,,1996,,9513,Children of the Night: Vampires,,accessory,AD&D,Ravenloft,not verified,,,,,,
666,,1996,,9514,Forged of Darkness,RR12,accessory,AD&D,Ravenloft,not verified,,,,,,
667,,1996,,9515,Den of Thieves,,accessory,AD&D,,not verified,,Wes Nicholson,https://www.tsrarchive.com/add/add-acc-den.jpg,,,
668,,1996,,9516,Faiths & Avatars,,accessory,AD&D,Forgotten Realms,not verified,,,,,,
669,,1996,,9518,Treasure Tales,,accessory,AD&D,,not verified,,Loren Coleman,https://www.tsrarchive.com/add/add-gr5.jpg,,,
670,,1996,,9520,The Vilhon Reach,,accessory,AD&D,Forgotten Realms,not verified,,,,,,
671,,1996,,9521,"I, Tyrant",,accessory,AD&D,,not verified,,Aaron Allston,https://www.tsrarchive.com/add/add-ma-eye.jpg,,,
672,,1996,,9522,Eye of Doom,,adventure,AD&D,,not verified,,Thomas M. Reid,https://www.tsrarchive.com/add/add-ma-eye1.jpg,,,
673,,1996,,9524,Volo's Guide to the Dalelands,,accessory,AD&D,Forgotten Realms,not verified,,,,,,
674,,1996,,9525,Heroes' Lorebook,,accessory,AD&D,Forgotten Realms,not verified,,,,,,
675,,1996,,9527,A Guide to Transylvania,,accessory,AD&D,Ravenloft,not verified,,,,,,
676,,1996,,9528,World Builder's Guidebook,,accessory,AD&D,,not verified,,,,,,
677,,1996,,9529,Eye to Eye,,adventure,AD&D,,not verified,,,,,,
678,,1996,,9530,Eye of Pain,,adventure,AD&D,,not verified,,Thomas M. Reid,https://www.tsrarchive.com/add/add-ma-eye2.jpg,,,
679,,1996,,9531,How the Mighty are Fallen,,adventure,AD&D,Forgotten Realms,not verified,,,,,,
680,,1996,,9533,The Gates of Firestorm Peak,,adventure,AD&D,,not verified,,Bruce Cordell,https://www.tsrarchive.com/add/add-adv-firestorm.jpg,,,
681,,1996,,9534,Death Ascendant,,adventure,AD&D,Ravenloft,not verified,,Monte Cook,https://www.tsrarchive.com/add/add-adv-hero.jpg,,,
682,,1996,,9535,Volo's Guide to All Things Magical,,accessory,AD&D,Forgotten Realms,not verified,,,,,,
683,,1996,,9537,Death Unchained,,adventure,AD&D,Ravenloft,not verified,,,,,,
684,,1997,8,1159,Lands of Intrigue,,boxed set,AD&D,Forgotten Realms,likely,,,,,2,
685,,1997,8,2174,Domains of Dread,,hardcover,AD&D,Ravenloft,likely,,,,,2,
686,,1997,9,2630,Faces of Evil: The Fiends,,accessory,AD&D,Planescape,verified,,,,,2,
687,,1997,10,2628,The Great Modron March,,adventure,AD&D,Planescape,verified,,,,,2,
688,,1997,11,2631,Dead Gods,,adventure,AD&D,Planescape,verified,,,,,2,
689,,1997,,1145,Tale of the Comet,,boxed set,AD&D,,not verified,,Skip Williams,https://www.tsrarchive.com/add/add-tome-rod.jpg,,,
690,,1997,,2165,"Wizard's Spell Compendium, Volume Two",,accessory,AD&D,,not verified,,,https://www.tsrarchive.com/add/add-wsc1-1st.jpg,,,
691,,1997,,3133,Tribes of the Heartless Waste,,accessory,AD&D,Birthright,not verified,,,,,,
692,,1997,,3134,The Book of Priestcraft,,accessory,AD&D,Birthright,not verified,,,,,,
693,,1997,,3139,King of the Giantdowns,,adventure,AD&D,Birthright,not verified,,,,,,
694,,1997,,9531,Four from Cormyr,,adventure,AD&D,Forgotten Realms,not verified,,,,,,
695,,1997,,9539,The Sea Devils,,accessory,AD&D,,not verified,,Skip Williams,https://www.tsrarchive.com/add/add-ma-sea.jpg,,,
696,,1997,,9540,Evil Tide,,adventure,AD&D,,not verified,,,,,,
697,,1997,,9542,Night of the Shark,,adventure,AD&D,,not verified,,Bruce R. Cordell,https://www.tsrarchive.com/add/add-ma-sea1.jpg,,,
698,,1997,,9544,Castle Spulzeer,,adventure,AD&D,Forgotten Realms,not verified,,,,,,
699,,1997,,9545,Prayers from the Faithful,,accessory,AD&D,Forgotten Realms,not verified,,,,,,
700,,1997,,9549,Children of the Night: Ghosts,,accessory,AD&D,Ravenloft,not verified,,Bruce R. Cordell,https://www.tsrarchive.com/add/add-acc-college.jpg,,,
701,,1997,,9556,The Forgotten Terror,,adventure,AD&D,Ravenloft,not verified,,Bruce R. Cordell,https://www.tsrarchive.com/add/add-acc-dbg.jpg,,,
702,,1997,,9560,Sea of Blood,,adventure,AD&D,,not verified,,Bruce R. Cordell,https://www.tsrarchive.com/add/add-ma-sea3.jpg,,,
703,,1997,,9561,The Star of Kolhapur,,adventure,AD&D,,not verified,,,,,,
704,,1997,,9563,Powers & Pantheons,,accessory,AD&D,Forgotten Realms,not verified,,,,,,
705,,1997,,9568,Of Ships and the Sea,DMGR9,accessory,AD&D,,not verified,,Penny & Skip Williams,https://www.tsrarchive.com/add/add-adv-moon.jpg,,,
706,,1998,3,2635,Planescape Monstrous Compendium Appendix III,,accessory,AD&D,Planescape,verified,,,,,1,
707,,1998,7,1162,Return to the Tomb of Horrors,,boxed set,AD&D,Greyhawk,likely,,Bruce R. Cordell,https://www.tsrarchive.com/add/add-tome-tomb.jpg,,2,
708,,1998,8,2633,A Guide to the Ethereal Plane,,accessory,AD&D,Planescape,verified,,,,,2,
709,,1998,9,1147,Empires of the Shining Sea,,boxed set,AD&D,Forgotten Realms,likely,,,,,2,
710,,1998,10,2632,Faction War,,adventure,AD&D,Planescape,verified,,,,,2,
711,,1998,11,2634,The Inner Planes,,accessory,AD&D,Planescape,verified,,,,,2,
712,,1998,,2173,Monstrous Compendium Annual Volume Four,,accessory,AD&D,,not verified,,,https://www.tsrarchive.com/add/add-mcann4.jpg,,,
713,,1998,,2175,"Wizard's Spell Compendium, Volume Three",,accessory,AD&D,,not verified,,,https://www.tsrarchive.com/add/add-wsc3.jpg,,,
714,,1998,,2177,"Wizard's Spell Compendium, Volume Four",,accessory,AD&D,,not verified,,,https://www.tsrarchive.com/add/add-wsc4.jpg,,,
715,,1998,,2629,Tales from the Infinite Staircase,,accessory,AD&D,Planescape,not verified,,,,,,
716,,1998,,3135,Player's Secrets of Hogunmark,,accessory,AD&D,Birthright,not verified,,,,,,
717,,1998,,9532,Seeds of Chaos,,adventure,AD&D,Dragonlance,not verified,,Richard Baker,https://www.tsrarchive.com/add/add-acc-wbg.jpg,,,
718,,1998,,9536,Moonlight Madness,,adventure,AD&D,,not verified,,Thomas M. Reid,https://www.tsrarchive.com/add/add-ma-eye3.jpg,,,
719,,1998,,9541,Kidnapped,,adventure,AD&D,Forgotten Realms,not verified,,,,,,
720,,1998,,9543,Servants of Darkness,,adventure,AD&D,Ravenloft,not verified,,,,,,
721,,1998,,9545,For Duty and Deity,,adventure,AD&D,Forgotten Realms,not verified,,,,,,
722,,1998,,9546,Hellgate Keep,,adventure,AD&D,Forgotten Realms,not verified,,,,,,
723,,1998,,9547,Cult of the Dragon,FOR8,accessory,AD&D,Forgotten Realms,not verified,,,,,,
724,,1998,,9549,College of Wizardry,,accessory,AD&D,,not verified,,Bruce R. Cordell,https://www.tsrarchive.com/add/add-acc-college.jpg,,,
725,,1998,,9551,Dungeon Builder's Guidebook,,accessory,AD&D,,not verified,,,,,,
726,,1998,,9552,Villains' Lorebook,,accessory,AD&D,Forgotten Realms,not verified,,,,,,
727,,1998,,9553,The Lost Shrine of Bundushatur,,adventure,AD&D,,not verified,,,,,,
728,,1998,,9554,Vecna Reborn,,adventure,AD&D,Ravenloft,not verified,,,,,,
729,,1998,,9555,Road to Danger,,adventure,AD&D,,not verified,,,,,,
730,,1998,,9557,"Jakandor, Island of War",,accessory,AD&D,,not verified,,,,,,
731,,1998,,9558,"Jakandor, Isle of Destiny",,accessory,AD&D,,not verified,,,,,,
732,,1998,,9558,The Fall of Myth Drannor,,adventure,AD&D,Forgotten Realms,not verified,,,,,,
733,,1998,,9559,"Jakandor, Land of Legend",,adventure,AD&D,,not verified,,,,,,
734,,1998,,9569,The Illithiad,,accessory,AD&D,,not verified,,Bruce R. Cordell,https://www.tsrarchive.com/add/add-ma-mind.jpg,,,
735,,1998,,9570,Destiny of Kings,,adventure,AD&D,Birthright,not verified,,Bruce R. Cordell,https://www.tsrarchive.com/add/add-ma-mind1.jpg,,,
736,,1998,,9571,A Darkness Gathering,,adventure,AD&D,,not verified,,Bruce R. Cordell,https://www.tsrarchive.com/add/add-ma-mind2.jpg,,,
737,,1998,,9572,Dawn of the Overmind,,adventure,AD&D,,not verified,,Bruce R. Cordell,https://www.tsrarchive.com/add/add-ma-mind3.jpg,,,
738,,1998,,9573,Children of the Night: Werebeasts,,accessory,AD&D,Ravenloft,not verified,,,,,,
739,,1998,,9574,Cormanthyr: Empire of Elves,,accessory,AD&D,Forgotten Realms,not verified,,,,,,
740,,1998,,9575,The City of Ravens Bluff,,accessory,AD&D,Forgotten Realms,not verified,,,,,,
741,,1998,,9576,Masters of Eternal Night,,adventure,AD&D,,not verified,,,,,,
742,,1998,,9577,The Adventure Begins,,accessory,AD&D,Greyhawk,not verified,,,,,,
743,,1998,,9578,Player's Guide to Greyhawk,,accessory,AD&D,Greyhawk,not verified,,,,,,
744,,1998,,9579,Doomgrinder,,adventure,AD&D,Greyhawk,not verified,,,,,,
745,,1998,,9579,The Star Cairns,,adventure,AD&D,Greyhawk,not verified,,,,,,
746,,1998,,9580,Crypt of Lyzandred the Mad,,adventure,AD&D,Greyhawk,not verified,,,,,,
747,,1998,,9581,Return of the Eight,,adventure,AD&D,Greyhawk,not verified,,,,,,
748,,1998,,9583,The Shadow Rift,,accessory,AD&D,Ravenloft,not verified,,,,,,
749,,1998,,9584,Reunion,,adventure,AD&D,Al-Qadim,not verified,,,,,,
750,,1998,,9585,Demihuman Deities,,accessory,AD&D,Forgotten Realms,not verified,,,,,,
751,,1998,,9586,A Paladin in Hell,,adventure,AD&D,,not verified,,Monte Cook,https://www.tsrarchive.com/add/add-adv-paladin.jpg,,,
752,,1998,,9586,Champions of the Mists,RR13,accessory,AD&D,Ravenloft,not verified,,,,,,
753,,1998,,9589,Calimport,,accessory,AD&D,Forgotten Realms,not verified,,,,,,
754,,1999,8,11327,Silver Anniversary Collector's Edition,,boxed set,AD&D,,likely,,John D. Rateliff,https://www.tsrarchive.com/add/gh-25-keep.jpg,,2,
755,,1999,11,11431,Guide to Hell,,accessory,AD&D,,likely,,Chris Pramas,https://www.tsrarchive.com/add/add-acc-hell.jpg,,2,
756,,1999,,9587,"Van Richten's Monster Hunter's Compendium, Volume One",,accessory,AD&D,Ravenloft,not verified,,,,,,
757,,1999,,9588,"Van Richten's Monster Hunter's Compendium, Volume Two",,accessory,AD&D,Ravenloft,not verified,,,,,,
758,,1999,,9591,Carnival,,accessory,AD&D,Ravenloft,not verified,,,,,,
759,,1999,,9599,Children of the Night: The Created,,accessory,AD&D,Ravenloft,not verified,,,,,,
760,,1999,,11324,Wand of Archeal,,adventure,AD&D,,not verified,,,,,,
761,,1999,,11325,The Accursed Tower,,adventure,AD&D,Forgotten Realms,not verified,,Bruce R. Cordell,https://www.tsrarchive.com/add/add-adv-circle.jpg,,,
762,,1999,,11326,The Shattered Circle,,adventure,AD&D,,not verified,,Chris Pramas,https://www.tsrarchive.com/add/add-acc-vortex.jpg,,,
763,,1999,,11327,Return to the Keep on the Borderlands,,adventure,AD&D,,not verified,,John D. Rateliff,https://www.tsrarchive.com/add/gh-25-keep.jpg,,,
764,,1999,,11342,Axe of the Dwarvish Lords,,accessory,AD&D,,not verified,,,,,,
765,,1999,,11348,Drizzt Do'Urden's Guide to the Underdark,,accessory,AD&D,Forgotten Realms,not verified,,,,,,
766,,1999,,11348,Skullport,,accessory,AD&D,Forgotten Realms,not verified,,,,,,
767,,1999,,11349,Bastion of Faith,,accessory,AD&D,,not verified,,,,,,
768,,1999,,11350,Dragonlance Classics: 15th Anniversary Edition,,adventure,AD&D,Dragonlance,not verified,,Steve Miller & Stan!,https://www.tsrarchive.com/fa/fa-25-class.jpg,,,
769,,1999,,11358,Campaign Option: Council of Wyrms,,hardcover,AD&D,,not verified,,,,,,
770,,1999,,11360,Ravenloft (25th Anniversary),,adventure,AD&D,Ravenloft,not verified,,,,,,
771,,1999,,11361,Warriors of Heaven,,accessory,AD&D,,not verified,,Christopher Perkins,https://www.tsrarchive.com/add/add-acc-heaven.jpg,,,
772,,1999,,11369,Chaos Spawn: A Chaos War Adventure,,adventure,AD&D,Dragonlance,not verified,,,,,,
773,,1999,,11370,Demihumans of the Realms,,accessory,AD&D,Forgotten Realms,not verified,,,,,,
774,,1999,,11374,The Scarlet Brotherhood,,accessory,AD&D,Greyhawk,not verified,,,,,,
775,,1999,,11392,Dungeons of Despair,,adventure,AD&D,,not verified,,John D. Rateliff & Bruce R. Cordell,https://www.tsrarchive.com/add/add-adv-reverse.jpg,,,
776,,1999,,11393,Sea of Fallen Stars,,accessory,AD&D,Forgotten Realms,not verified,,,,,,
777,,1999,,11393,The Sylvan Veil,,adventure,AD&D,Dragonlance,not verified,,,,,,
778,,1999,,11405,Wyrmskull Throne,,adventure,AD&D,Forgotten Realms,not verified,,,,,,
779,,1999,,11413,Against the Giants: The Liberation of Geoff,,adventure,AD&D,Greyhawk,not verified,,Sean K. Reynolds,https://www.tsrarchive.com/add/gh-25-giants.jpg,,,
780,,1999,,11434,Return to White Plume Mountain,,adventure,AD&D,Greyhawk,not verified,,Bruce R. Cordell,https://www.tsrarchive.com/add/gh-25-plume.jpg,,,
781,,1999,,11445,TSR Jam 1999,,adventure,AD&D,,not verified,,,https://www.tsrarchive.com/add/add-adv-jam.jpg,,,
782,,1999,,11447,Deep Dwarven Delve,L3,adventure,AD&D,Greyhawk,not verified,,,,,,
783,,1999,,11611,"Priest's Spell Compendium, Volume One",,accessory,AD&D,,not verified,,,https://www.tsrarchive.com/add/add-psc3.jpg,,,
784,,1999,,11641,Dungeons and Dragons Adventure Game,,boxed set,AD&D,,not verified,,,,,,
785,,1999,,11726,"Priest's Spell Compendium, Volume Two",,accessory,AD&D,,not verified,,,,,,
786,,2013,,A4539,Original D&D Premium Reprint,,boxed set,D&D,,not verified,,"Gygax, Arneson, Kuntz, Blume & Ward",https://www.tsrarchive.com/dd/dd2-3vs-rep.jpg,,,
